Date,SP500
1871-01-01,4.44
1871-02-01,4.5
1871-03-01,4.61
1871-04-01,4.74
1871-05-01,4.86
1871-06-01,4.82
1871-07-01,4.73
1871-08-01,4.79
1871-09-01,4.84
1871-10-01,4.59
1871-11-01,4.64
1871-12-01,4.74
1872-01-01,4.86
1872-02-01,4.88
1872-03-01,5.04
1872-04-01,5.18
1872-05-01,5.18
1872-06-01,5.13
1872-07-01,5.1
1872-08-01,5.04
1872-09-01,4.95
1872-10-01,4.97
1872-11-01,4.95
1872-12-01,5.07
1873-01-01,5.11
1873-02-01,5.15
1873-03-01,5.11
1873-04-01,5.04
1873-05-01,5.05
1873-06-01,4.98
1873-07-01,4.97
1873-08-01,4.97
1873-09-01,4.59
1873-10-01,4.19
1873-11-01,4.04
1873-12-01,4.42
1874-01-01,4.66
1874-02-01,4.8
1874-03-01,4.73
1874-04-01,4.6
1874-05-01,4.48
1874-06-01,4.46
1874-07-01,4.46
1874-08-01,4.47
1874-09-01,4.54
1874-10-01,4.53
1874-11-01,4.57
1874-12-01,4.54
1875-01-01,4.54
1875-02-01,4.53
1875-03-01,4.59
1875-04-01,4.65
1875-05-01,4.47
1875-06-01,4.38
1875-07-01,4.39
1875-08-01,4.41
1875-09-01,4.37
1875-10-01,4.3
1875-11-01,4.37
1875-12-01,4.37
1876-01-01,4.46
1876-02-01,4.52
1876-03-01,4.51
1876-04-01,4.34
1876-05-01,4.18
1876-06-01,4.15
1876-07-01,4.1
1876-08-01,3.93
1876-09-01,3.69
1876-10-01,3.67
1876-11-01,3.6
1876-12-01,3.58
1877-01-01,3.55
1877-02-01,3.34
1877-03-01,3.17
1877-04-01,2.94
1877-05-01,2.94
1877-06-01,2.73
1877-07-01,2.85
1877-08-01,3.05
1877-09-01,3.24
1877-10-01,3.31
1877-11-01,3.26
1877-12-01,3.25
1878-01-01,3.25
1878-02-01,3.18
1878-03-01,3.24
1878-04-01,3.33
1878-05-01,3.34
1878-06-01,3.41
1878-07-01,3.48
1878-08-01,3.45
1878-09-01,3.52
1878-10-01,3.48
1878-11-01,3.47
1878-12-01,3.45
1879-01-01,3.58
1879-02-01,3.71
1879-03-01,3.65
1879-04-01,3.77
1879-05-01,3.94
1879-06-01,3.96
1879-07-01,4.04
1879-08-01,4.07
1879-09-01,4.22
1879-10-01,4.68
1879-11-01,4.93
1879-12-01,4.92
1880-01-01,5.11
1880-02-01,5.2
1880-03-01,5.3
1880-04-01,5.18
1880-05-01,4.77
1880-06-01,4.79
1880-07-01,5.01
1880-08-01,5.19
1880-09-01,5.18
1880-10-01,5.33
1880-11-01,5.61
1880-12-01,5.84
1881-01-01,6.19
1881-02-01,6.17
1881-03-01,6.24
1881-04-01,6.22
1881-05-01,6.5
1881-06-01,6.58
1881-07-01,6.35
1881-08-01,6.2
1881-09-01,6.25
1881-10-01,6.15
1881-11-01,6.19
1881-12-01,6.01
1882-01-01,5.92
1882-02-01,5.79
1882-03-01,5.78
1882-04-01,5.78
1882-05-01,5.71
1882-06-01,5.68
1882-07-01,6.0
1882-08-01,6.18
1882-09-01,6.24
1882-10-01,6.07
1882-11-01,5.81
1882-12-01,5.84
1883-01-01,5.81
1883-02-01,5.68
1883-03-01,5.75
1883-04-01,5.87
1883-05-01,5.77
1883-06-01,5.82
1883-07-01,5.73
1883-08-01,5.47
1883-09-01,5.53
1883-10-01,5.38
1883-11-01,5.46
1883-12-01,5.34
1884-01-01,5.18
1884-02-01,5.32
1884-03-01,5.3
1884-04-01,5.06
1884-05-01,4.65
1884-06-01,4.46
1884-07-01,4.46
1884-08-01,4.74
1884-09-01,4.59
1884-10-01,4.44
1884-11-01,4.35
1884-12-01,4.34
1885-01-01,4.24
1885-02-01,4.37
1885-03-01,4.38
1885-04-01,4.37
1885-05-01,4.32
1885-06-01,4.3
1885-07-01,4.46
1885-08-01,4.71
1885-09-01,4.65
1885-10-01,4.92
1885-11-01,5.24
1885-12-01,5.2
1886-01-01,5.2
1886-02-01,5.3
1886-03-01,5.19
1886-04-01,5.12
1886-05-01,5.02
1886-06-01,5.25
1886-07-01,5.33
1886-08-01,5.37
1886-09-01,5.51
1886-10-01,5.65
1886-11-01,5.79
1886-12-01,5.64
1887-01-01,5.58
1887-02-01,5.54
1887-03-01,5.67
1887-04-01,5.8
1887-05-01,5.9
1887-06-01,5.73
1887-07-01,5.59
1887-08-01,5.45
1887-09-01,5.38
1887-10-01,5.2
1887-11-01,5.3
1887-12-01,5.27
1888-01-01,5.31
1888-02-01,5.28
1888-03-01,5.08
1888-04-01,5.1
1888-05-01,5.17
1888-06-01,5.01
1888-07-01,5.14
1888-08-01,5.25
1888-09-01,5.38
1888-10-01,5.35
1888-11-01,5.24
1888-12-01,5.14
1889-01-01,5.24
1889-02-01,5.3
1889-03-01,5.19
1889-04-01,5.18
1889-05-01,5.32
1889-06-01,5.41
1889-07-01,5.3
1889-08-01,5.37
1889-09-01,5.5
1889-10-01,5.4
1889-11-01,5.35
1889-12-01,5.32
1890-01-01,5.38
1890-02-01,5.32
1890-03-01,5.28
1890-04-01,5.39
1890-05-01,5.62
1890-06-01,5.58
1890-07-01,5.54
1890-08-01,5.41
1890-09-01,5.32
1890-10-01,5.08
1890-11-01,4.71
1890-12-01,4.6
1891-01-01,4.84
1891-02-01,4.9
1891-03-01,4.81
1891-04-01,4.97
1891-05-01,4.95
1891-06-01,4.85
1891-07-01,4.77
1891-08-01,4.93
1891-09-01,5.33
1891-10-01,5.33
1891-11-01,5.25
1891-12-01,5.41
1892-01-01,5.51
1892-02-01,5.52
1892-03-01,5.58
1892-04-01,5.57
1892-05-01,5.57
1892-06-01,5.54
1892-07-01,5.54
1892-08-01,5.62
1892-09-01,5.48
1892-10-01,5.59
1892-11-01,5.57
1892-12-01,5.51
1893-01-01,5.61
1893-02-01,5.51
1893-03-01,5.31
1893-04-01,5.31
1893-05-01,4.84
1893-06-01,4.61
1893-07-01,4.18
1893-08-01,4.08
1893-09-01,4.37
1893-10-01,4.5
1893-11-01,4.57
1893-12-01,4.41
1894-01-01,4.32
1894-02-01,4.38
1894-03-01,4.51
1894-04-01,4.57
1894-05-01,4.4
1894-06-01,4.34
1894-07-01,4.25
1894-08-01,4.41
1894-09-01,4.48
1894-10-01,4.34
1894-11-01,4.34
1894-12-01,4.3
1895-01-01,4.25
1895-02-01,4.19
1895-03-01,4.19
1895-04-01,4.37
1895-05-01,4.61
1895-06-01,4.7
1895-07-01,4.72
1895-08-01,4.79
1895-09-01,4.82
1895-10-01,4.75
1895-11-01,4.59
1895-12-01,4.32
1896-01-01,4.27
1896-02-01,4.45
1896-03-01,4.38
1896-04-01,4.42
1896-05-01,4.4
1896-06-01,4.32
1896-07-01,4.04
1896-08-01,3.81
1896-09-01,4.01
1896-10-01,4.1
1896-11-01,4.38
1896-12-01,4.22
1897-01-01,4.22
1897-02-01,4.18
1897-03-01,4.19
1897-04-01,4.06
1897-05-01,4.08
1897-06-01,4.27
1897-07-01,4.46
1897-08-01,4.75
1897-09-01,4.98
1897-10-01,4.82
1897-11-01,4.65
1897-12-01,4.75
1898-01-01,4.88
1898-02-01,4.87
1898-03-01,4.65
1898-04-01,4.57
1898-05-01,4.87
1898-06-01,5.06
1898-07-01,5.08
1898-08-01,5.27
1898-09-01,5.26
1898-10-01,5.15
1898-11-01,5.32
1898-12-01,5.65
1899-01-01,6.08
1899-02-01,6.31
1899-03-01,6.4
1899-04-01,6.48
1899-05-01,6.21
1899-06-01,6.07
1899-07-01,6.28
1899-08-01,6.44
1899-09-01,6.37
1899-10-01,6.34
1899-11-01,6.46
1899-12-01,6.02
1900-01-01,6.1
1900-02-01,6.21
1900-03-01,6.26
1900-04-01,6.34
1900-05-01,6.04
1900-06-01,5.86
1900-07-01,5.86
1900-08-01,5.94
1900-09-01,5.8
1900-10-01,6.01
1900-11-01,6.48
1900-12-01,6.87
1901-01-01,7.07
1901-02-01,7.25
1901-03-01,7.51
1901-04-01,8.14
1901-05-01,7.73
1901-06-01,8.5
1901-07-01,7.93
1901-08-01,8.04
1901-09-01,8.0
1901-10-01,7.91
1901-11-01,8.08
1901-12-01,7.95
1902-01-01,8.12
1902-02-01,8.19
1902-03-01,8.2
1902-04-01,8.48
1902-05-01,8.46
1902-06-01,8.41
1902-07-01,8.6
1902-08-01,8.83
1902-09-01,8.85
1902-10-01,8.57
1902-11-01,8.24
1902-12-01,8.05
1903-01-01,8.46
1903-02-01,8.41
1903-03-01,8.08
1903-04-01,7.75
1903-05-01,7.6
1903-06-01,7.18
1903-07-01,6.85
1903-08-01,6.63
1903-09-01,6.47
1903-10-01,6.26
1903-11-01,6.28
1903-12-01,6.57
1904-01-01,6.68
1904-02-01,6.5
1904-03-01,6.48
1904-04-01,6.64
1904-05-01,6.5
1904-06-01,6.51
1904-07-01,6.78
1904-08-01,7.01
1904-09-01,7.32
1904-10-01,7.75
1904-11-01,8.17
1904-12-01,8.25
1905-01-01,8.43
1905-02-01,8.8
1905-03-01,9.05
1905-04-01,8.94
1905-05-01,8.5
1905-06-01,8.6
1905-07-01,8.87
1905-08-01,9.2
1905-09-01,9.23
1905-10-01,9.36
1905-11-01,9.31
1905-12-01,9.54
1906-01-01,9.87
1906-02-01,9.8
1906-03-01,9.56
1906-04-01,9.43
1906-05-01,9.18
1906-06-01,9.3
1906-07-01,9.06
1906-08-01,9.73
1906-09-01,10.03
1906-10-01,9.73
1906-11-01,9.93
1906-12-01,9.84
1907-01-01,9.56
1907-02-01,9.26
1907-03-01,8.35
1907-04-01,8.39
1907-05-01,8.1
1907-06-01,7.84
1907-07-01,8.14
1907-08-01,7.53
1907-09-01,7.45
1907-10-01,6.64
1907-11-01,6.25
1907-12-01,6.57
1908-01-01,6.85
1908-02-01,6.6
1908-03-01,6.87
1908-04-01,7.24
1908-05-01,7.63
1908-06-01,7.64
1908-07-01,7.92
1908-08-01,8.26
1908-09-01,8.17
1908-10-01,8.27
1908-11-01,8.83
1908-12-01,9.03
1909-01-01,9.06
1909-02-01,8.8
1909-03-01,8.92
1909-04-01,9.32
1909-05-01,9.63
1909-06-01,9.8
1909-07-01,9.94
1909-08-01,10.18
1909-09-01,10.19
1909-10-01,10.23
1909-11-01,10.18
1909-12-01,10.3
1910-01-01,10.08
1910-02-01,9.72
1910-03-01,9.96
1910-04-01,9.72
1910-05-01,9.56
1910-06-01,9.1
1910-07-01,8.64
1910-08-01,8.85
1910-09-01,8.91
1910-10-01,9.32
1910-11-01,9.31
1910-12-01,9.05
1911-01-01,9.27
1911-02-01,9.43
1911-03-01,9.32
1911-04-01,9.28
1911-05-01,9.48
1911-06-01,9.67
1911-07-01,9.63
1911-08-01,9.17
1911-09-01,8.67
1911-10-01,8.72
1911-11-01,9.07
1911-12-01,9.11
1912-01-01,9.12
1912-02-01,9.04
1912-03-01,9.3
1912-04-01,9.59
1912-05-01,9.58
1912-06-01,9.58
1912-07-01,9.59
1912-08-01,9.81
1912-09-01,9.86
1912-10-01,9.84
1912-11-01,9.73
1912-12-01,9.38
1913-01-01,9.3
1913-02-01,8.97
1913-03-01,8.8
1913-04-01,8.79
1913-05-01,8.55
1913-06-01,8.12
1913-07-01,8.23
1913-08-01,8.45
1913-09-01,8.53
1913-10-01,8.26
1913-11-01,8.05
1913-12-01,8.04
1914-01-01,8.37
1914-02-01,8.48
1914-03-01,8.32
1914-04-01,8.12
1914-05-01,8.17
1914-06-01,8.13
1914-07-01,7.68
1914-08-01,7.68
1914-09-01,7.68
1914-10-01,7.68
1914-11-01,7.68
1914-12-01,7.35
1915-01-01,7.48
1915-02-01,7.38
1915-03-01,7.57
1915-04-01,8.14
1915-05-01,7.95
1915-06-01,8.04
1915-07-01,8.01
1915-08-01,8.35
1915-09-01,8.66
1915-10-01,9.14
1915-11-01,9.46
1915-12-01,9.48
1916-01-01,9.33
1916-02-01,9.2
1916-03-01,9.17
1916-04-01,9.07
1916-05-01,9.27
1916-06-01,9.36
1916-07-01,9.23
1916-08-01,9.3
1916-09-01,9.68
1916-10-01,9.98
1916-11-01,10.21
1916-12-01,9.8
1917-01-01,9.57
1917-02-01,9.03
1917-03-01,9.31
1917-04-01,9.17
1917-05-01,8.86
1917-06-01,9.04
1917-07-01,8.79
1917-08-01,8.53
1917-09-01,8.12
1917-10-01,7.68
1917-11-01,7.04
1917-12-01,6.8
1918-01-01,7.21
1918-02-01,7.43
1918-03-01,7.28
1918-04-01,7.21
1918-05-01,7.44
1918-06-01,7.45
1918-07-01,7.51
1918-08-01,7.58
1918-09-01,7.54
1918-10-01,7.86
1918-11-01,8.06
1918-12-01,7.9
1919-01-01,7.85
1919-02-01,7.88
1919-03-01,8.12
1919-04-01,8.39
1919-05-01,8.97
1919-06-01,9.21
1919-07-01,9.51
1919-08-01,8.87
1919-09-01,9.01
1919-10-01,9.47
1919-11-01,9.19
1919-12-01,8.92
1920-01-01,8.83
1920-02-01,8.1
1920-03-01,8.67
1920-04-01,8.6
1920-05-01,8.06
1920-06-01,7.92
1920-07-01,7.91
1920-08-01,7.6
1920-09-01,7.87
1920-10-01,7.88
1920-11-01,7.48
1920-12-01,6.81
1921-01-01,7.11
1921-02-01,7.06
1921-03-01,6.88
1921-04-01,6.91
1921-05-01,7.12
1921-06-01,6.55
1921-07-01,6.53
1921-08-01,6.45
1921-09-01,6.61
1921-10-01,6.7
1921-11-01,7.06
1921-12-01,7.31
1922-01-01,7.3
1922-02-01,7.46
1922-03-01,7.74
1922-04-01,8.21
1922-05-01,8.53
1922-06-01,8.45
1922-07-01,8.51
1922-08-01,8.83
1922-09-01,9.06
1922-10-01,9.26
1922-11-01,8.8
1922-12-01,8.78
1923-01-01,8.9
1923-02-01,9.28
1923-03-01,9.43
1923-04-01,9.1
1923-05-01,8.67
1923-06-01,8.34
1923-07-01,8.06
1923-08-01,8.1
1923-09-01,8.15
1923-10-01,8.03
1923-11-01,8.27
1923-12-01,8.55
1924-01-01,8.83
1924-02-01,8.87
1924-03-01,8.7
1924-04-01,8.5
1924-05-01,8.47
1924-06-01,8.63
1924-07-01,9.03
1924-08-01,9.34
1924-09-01,9.25
1924-10-01,9.13
1924-11-01,9.64
1924-12-01,10.16
1925-01-01,10.58
1925-02-01,10.67
1925-03-01,10.39
1925-04-01,10.28
1925-05-01,10.61
1925-06-01,10.8
1925-07-01,11.1
1925-08-01,11.25
1925-09-01,11.51
1925-10-01,11.89
1925-11-01,12.26
1925-12-01,12.46
1926-01-01,12.65
1926-02-01,12.67
1926-03-01,11.81
1926-04-01,11.48
1926-05-01,11.56
1926-06-01,12.11
1926-07-01,12.62
1926-08-01,13.12
1926-09-01,13.32
1926-10-01,13.02
1926-11-01,13.19
1926-12-01,13.49
1927-01-01,13.4
1927-02-01,13.66
1927-03-01,13.87
1927-04-01,14.21
1927-05-01,14.7
1927-06-01,14.89
1927-07-01,15.22
1927-08-01,16.03
1927-09-01,16.94
1927-10-01,16.68
1927-11-01,17.06
1927-12-01,17.46
1928-01-01,17.53
1928-02-01,17.32
1928-03-01,18.25
1928-04-01,19.4
1928-05-01,20.0
1928-06-01,19.02
1928-07-01,19.16
1928-08-01,19.78
1928-09-01,21.17
1928-10-01,21.6
1928-11-01,23.06
1928-12-01,23.15
1929-01-01,24.86
1929-02-01,24.99
1929-03-01,25.43
1929-04-01,25.28
1929-05-01,25.66
1929-06-01,26.15
1929-07-01,28.48
1929-08-01,30.1
1929-09-01,31.3
1929-10-01,27.99
1929-11-01,20.58
1929-12-01,21.4
1930-01-01,21.71
1930-02-01,23.07
1930-03-01,23.94
1930-04-01,25.46
1930-05-01,23.94
1930-06-01,21.52
1930-07-01,21.06
1930-08-01,20.79
1930-09-01,20.78
1930-10-01,17.92
1930-11-01,16.62
1930-12-01,15.51
1931-01-01,15.98
1931-02-01,17.2
1931-03-01,17.53
1931-04-01,15.86
1931-05-01,14.33
1931-06-01,13.87
1931-07-01,14.33
1931-08-01,13.9
1931-09-01,11.83
1931-10-01,10.25
1931-11-01,10.39
1931-12-01,8.44
1932-01-01,8.3
1932-02-01,8.23
1932-03-01,8.26
1932-04-01,6.28
1932-05-01,5.51
1932-06-01,4.77
1932-07-01,5.01
1932-08-01,7.53
1932-09-01,8.26
1932-10-01,7.12
1932-11-01,7.05
1932-12-01,6.82
1933-01-01,7.09
1933-02-01,6.25
1933-03-01,6.23
1933-04-01,6.89
1933-05-01,8.87
1933-06-01,10.39
1933-07-01,11.23
1933-08-01,10.67
1933-09-01,10.58
1933-10-01,9.55
1933-11-01,9.78
1933-12-01,9.97
1934-01-01,10.54
1934-02-01,11.32
1934-03-01,10.74
1934-04-01,10.92
1934-05-01,9.81
1934-06-01,9.94
1934-07-01,9.47
1934-08-01,9.1
1934-09-01,8.88
1934-10-01,8.95
1934-11-01,9.2
1934-12-01,9.26
1935-01-01,9.26
1935-02-01,8.98
1935-03-01,8.41
1935-04-01,9.04
1935-05-01,9.75
1935-06-01,10.12
1935-07-01,10.65
1935-08-01,11.37
1935-09-01,11.61
1935-10-01,11.92
1935-11-01,13.04
1935-12-01,13.04
1936-01-01,13.76
1936-02-01,14.55
1936-03-01,14.86
1936-04-01,14.88
1936-05-01,14.09
1936-06-01,14.69
1936-07-01,15.56
1936-08-01,15.87
1936-09-01,16.05
1936-10-01,16.89
1936-11-01,17.36
1936-12-01,17.06
1937-01-01,17.59
1937-02-01,18.11
1937-03-01,18.09
1937-04-01,17.01
1937-05-01,16.25
1937-06-01,15.64
1937-07-01,16.57
1937-08-01,16.74
1937-09-01,14.37
1937-10-01,12.28
1937-11-01,11.2
1937-12-01,11.02
1938-01-01,11.31
1938-02-01,11.04
1938-03-01,10.31
1938-04-01,9.89
1938-05-01,9.98
1938-06-01,10.21
1938-07-01,12.24
1938-08-01,12.31
1938-09-01,11.75
1938-10-01,13.06
1938-11-01,13.07
1938-12-01,12.69
1939-01-01,12.5
1939-02-01,12.4
1939-03-01,12.39
1939-04-01,10.83
1939-05-01,11.23
1939-06-01,11.43
1939-07-01,11.71
1939-08-01,11.54
1939-09-01,12.77
1939-10-01,12.9
1939-11-01,12.67
1939-12-01,12.37
1940-01-01,12.3
1940-02-01,12.22
1940-03-01,12.15
1940-04-01,12.27
1940-05-01,10.58
1940-06-01,9.67
1940-07-01,9.99
1940-08-01,10.2
1940-09-01,10.63
1940-10-01,10.73
1940-11-01,10.98
1940-12-01,10.53
1941-01-01,10.55
1941-02-01,9.89
1941-03-01,9.95
1941-04-01,9.64
1941-05-01,9.43
1941-06-01,9.76
1941-07-01,10.26
1941-08-01,10.21
1941-09-01,10.24
1941-10-01,9.83
1941-11-01,9.37
1941-12-01,8.76
1942-01-01,8.93
1942-02-01,8.65
1942-03-01,8.18
1942-04-01,7.84
1942-05-01,7.93
1942-06-01,8.33
1942-07-01,8.64
1942-08-01,8.59
1942-09-01,8.68
1942-10-01,9.32
1942-11-01,9.47
1942-12-01,9.52
1943-01-01,10.09
1943-02-01,10.69
1943-03-01,11.07
1943-04-01,11.44
1943-05-01,11.89
1943-06-01,12.1
1943-07-01,12.35
1943-08-01,11.74
1943-09-01,11.99
1943-10-01,11.88
1943-11-01,11.33
1943-12-01,11.48
1944-01-01,11.85
1944-02-01,11.77
1944-03-01,12.1
1944-04-01,11.89
1944-05-01,12.1
1944-06-01,12.67
1944-07-01,13.0
1944-08-01,12.81
1944-09-01,12.6
1944-10-01,12.91
1944-11-01,12.82
1944-12-01,13.1
1945-01-01,13.49
1945-02-01,13.94
1945-03-01,13.93
1945-04-01,14.28
1945-05-01,14.82
1945-06-01,15.09
1945-07-01,14.78
1945-08-01,14.83
1945-09-01,15.84
1945-10-01,16.5
1945-11-01,17.04
1945-12-01,17.33
1946-01-01,18.02
1946-02-01,18.07
1946-03-01,17.53
1946-04-01,18.66
1946-05-01,18.7
1946-06-01,18.58
1946-07-01,18.05
1946-08-01,17.7
1946-09-01,15.09
1946-10-01,14.75
1946-11-01,14.69
1946-12-01,15.13
1947-01-01,15.21
1947-02-01,15.8
1947-03-01,15.16
1947-04-01,14.6
1947-05-01,14.34
1947-06-01,14.84
1947-07-01,15.77
1947-08-01,15.46
1947-09-01,15.06
1947-10-01,15.45
1947-11-01,15.27
1947-12-01,15.03
1948-01-01,14.83
1948-02-01,14.1
1948-03-01,14.3
1948-04-01,15.4
1948-05-01,16.15
1948-06-01,16.82
1948-07-01,16.42
1948-08-01,15.94
1948-09-01,15.76
1948-10-01,16.19
1948-11-01,15.29
1948-12-01,15.19
1949-01-01,15.36
1949-02-01,14.77
1949-03-01,14.91
1949-04-01,14.89
1949-05-01,14.78
1949-06-01,13.97
1949-07-01,14.76
1949-08-01,15.29
1949-09-01,15.49
1949-10-01,15.89
1949-11-01,16.11
1949-12-01,16.54
1950-01-01,16.88
1950-02-01,17.21
1950-03-01,17.35
1950-04-01,17.84
1950-05-01,18.44
1950-06-01,18.74
1950-07-01,17.38
1950-08-01,18.43
1950-09-01,19.08
1950-10-01,19.87
1950-11-01,19.83
1950-12-01,19.75
1951-01-01,21.21
1951-02-01,22.0
1951-03-01,21.63
1951-04-01,21.92
1951-05-01,21.93
1951-06-01,21.55
1951-07-01,21.93
1951-08-01,22.89
1951-09-01,23.48
1951-10-01,23.36
1951-11-01,22.71
1951-12-01,23.41
1952-01-01,24.19
1952-02-01,23.75
1952-03-01,23.81
1952-04-01,23.74
1952-05-01,23.73
1952-06-01,24.38
1952-07-01,25.08
1952-08-01,25.18
1952-09-01,24.78
1952-10-01,24.26
1952-11-01,25.03
1952-12-01,26.04
1953-01-01,26.18
1953-02-01,25.86
1953-03-01,25.99
1953-04-01,24.71
1953-05-01,24.84
1953-06-01,23.95
1953-07-01,24.29
1953-08-01,24.39
1953-09-01,23.27
1953-10-01,23.97
1953-11-01,24.5
1953-12-01,24.83
1954-01-01,25.46
1954-02-01,26.02
1954-03-01,26.57
1954-04-01,27.63
1954-05-01,28.73
1954-06-01,28.96
1954-07-01,30.13
1954-08-01,30.73
1954-09-01,31.45
1954-10-01,32.18
1954-11-01,33.44
1954-12-01,34.97
1955-01-01,35.6
1955-02-01,36.79
1955-03-01,36.5
1955-04-01,37.76
1955-05-01,37.6
1955-06-01,39.78
1955-07-01,42.69
1955-08-01,42.43
1955-09-01,44.34
1955-10-01,42.11
1955-11-01,44.95
1955-12-01,45.37
1956-01-01,44.15
1956-02-01,44.43
1956-03-01,47.49
1956-04-01,48.05
1956-05-01,46.54
1956-06-01,46.27
1956-07-01,48.78
1956-08-01,48.49
1956-09-01,46.84
1956-10-01,46.24
1956-11-01,45.76
1956-12-01,46.44
1957-01-01,45.43
1957-02-01,43.47
1957-03-01,44.03
1957-04-01,45.05
1957-05-01,46.78
1957-06-01,47.55
1957-07-01,48.51
1957-08-01,45.84
1957-09-01,43.98
1957-10-01,41.24
1957-11-01,40.35
1957-12-01,40.33
1958-01-01,41.12
1958-02-01,41.26
1958-03-01,42.11
1958-04-01,42.34
1958-05-01,43.7
1958-06-01,44.75
1958-07-01,45.98
1958-08-01,47.7
1958-09-01,48.96
1958-10-01,50.95
1958-11-01,52.5
1958-12-01,53.49
1959-01-01,55.62
1959-02-01,54.77
1959-03-01,56.16
1959-04-01,57.1
1959-05-01,57.96
1959-06-01,57.46
1959-07-01,59.74
1959-08-01,59.4
1959-09-01,57.05
1959-10-01,57.0
1959-11-01,57.23
1959-12-01,59.06
1960-01-01,58.03
1960-02-01,55.78
1960-03-01,55.02
1960-04-01,55.73
1960-05-01,55.22
1960-06-01,57.26
1960-07-01,55.84
1960-08-01,56.51
1960-09-01,54.81
1960-10-01,53.73
1960-11-01,55.47
1960-12-01,56.8
1961-01-01,59.72
1961-02-01,62.17
1961-03-01,64.12
1961-04-01,65.83
1961-05-01,66.5
1961-06-01,65.62
1961-07-01,65.44
1961-08-01,67.79
1961-09-01,67.26
1961-10-01,68.0
1961-11-01,71.08
1961-12-01,71.74
1962-01-01,69.07
1962-02-01,70.22
1962-03-01,70.29
1962-04-01,68.05
1962-05-01,62.99
1962-06-01,55.63
1962-07-01,56.97
1962-08-01,58.52
1962-09-01,58.0
1962-10-01,56.17
1962-11-01,60.04
1962-12-01,62.64
1963-01-01,65.06
1963-02-01,65.92
1963-03-01,65.67
1963-04-01,68.76
1963-05-01,70.14
1963-06-01,70.11
1963-07-01,69.07
1963-08-01,70.98
1963-09-01,72.85
1963-10-01,73.03
1963-11-01,72.62
1963-12-01,74.17
1964-01-01,76.45
1964-02-01,77.39
1964-03-01,78.8
1964-04-01,79.94
1964-05-01,80.72
1964-06-01,80.24
1964-07-01,83.22
1964-08-01,82.0
1964-09-01,83.41
1964-10-01,84.85
1964-11-01,85.44
1964-12-01,83.96
1965-01-01,86.12
1965-02-01,86.75
1965-03-01,86.83
1965-04-01,87.97
1965-05-01,89.28
1965-06-01,85.04
1965-07-01,84.91
1965-08-01,86.49
1965-09-01,89.38
1965-10-01,91.39
1965-11-01,92.15
1965-12-01,91.73
1966-01-01,93.32
1966-02-01,92.69
1966-03-01,88.88
1966-04-01,91.6
1966-05-01,86.78
1966-06-01,86.06
1966-07-01,85.84
1966-08-01,80.65
1966-09-01,77.81
1966-10-01,77.13
1966-11-01,80.99
1966-12-01,81.33
1967-01-01,84.45
1967-02-01,87.36
1967-03-01,89.42
1967-04-01,90.96
1967-05-01,92.59
1967-06-01,91.43
1967-07-01,93.01
1967-08-01,94.49
1967-09-01,95.81
1967-10-01,95.66
1967-11-01,92.66
1967-12-01,95.3
1968-01-01,95.04
1968-02-01,90.75
1968-03-01,89.09
1968-04-01,95.67
1968-05-01,97.87
1968-06-01,100.5
1968-07-01,100.3
1968-08-01,98.11
1968-09-01,101.3
1968-10-01,103.8
1968-11-01,105.4
1968-12-01,106.5
1969-01-01,102.0
1969-02-01,101.5
1969-03-01,99.3
1969-04-01,101.3
1969-05-01,104.6
1969-06-01,99.14
1969-07-01,94.71
1969-08-01,94.18
1969-09-01,94.51
1969-10-01,95.52
1969-11-01,96.21
1969-12-01,91.11
1970-01-01,90.31
1970-02-01,87.16
1970-03-01,88.65
1970-04-01,85.95
1970-05-01,76.06
1970-06-01,75.59
1970-07-01,75.72
1970-08-01,77.92
1970-09-01,82.58
1970-10-01,84.37
1970-11-01,84.28
1970-12-01,90.05
1971-01-01,93.49
1971-02-01,97.11
1971-03-01,99.6
1971-04-01,103.0
1971-05-01,101.6
1971-06-01,99.72
1971-07-01,99.0
1971-08-01,97.24
1971-09-01,99.4
1971-10-01,97.29
1971-11-01,92.78
1971-12-01,99.17
1972-01-01,103.3
1972-02-01,105.2
1972-03-01,107.7
1972-04-01,108.8
1972-05-01,107.7
1972-06-01,108.0
1972-07-01,107.2
1972-08-01,111.0
1972-09-01,109.4
1972-10-01,109.6
1972-11-01,115.1
1972-12-01,117.5
1973-01-01,118.4
1973-02-01,114.2
1973-03-01,112.4
1973-04-01,110.3
1973-05-01,107.2
1973-06-01,104.8
1973-07-01,105.8
1973-08-01,103.8
1973-09-01,105.6
1973-10-01,109.8
1973-11-01,102.0
1973-12-01,94.78
1974-01-01,96.11
1974-02-01,93.45
1974-03-01,97.44
1974-04-01,92.46
1974-05-01,89.67
1974-06-01,89.79
1974-07-01,79.31
1974-08-01,76.03
1974-09-01,68.12
1974-10-01,69.44
1974-11-01,71.74
1974-12-01,67.07
1975-01-01,72.56
1975-02-01,80.1
1975-03-01,83.78
1975-04-01,84.72
1975-05-01,90.1
1975-06-01,92.4
1975-07-01,92.49
1975-08-01,85.71
1975-09-01,84.67
1975-10-01,88.57
1975-11-01,90.07
1975-12-01,88.7
1976-01-01,96.86
1976-02-01,100.6
1976-03-01,101.1
1976-04-01,101.9
1976-05-01,101.2
1976-06-01,101.8
1976-07-01,104.2
1976-08-01,103.3
1976-09-01,105.5
1976-10-01,101.9
1976-11-01,101.2
1976-12-01,104.7
1977-01-01,103.8
1977-02-01,101.0
1977-03-01,100.6
1977-04-01,99.05
1977-05-01,98.76
1977-06-01,99.29
1977-07-01,100.2
1977-08-01,97.75
1977-09-01,96.23
1977-10-01,93.74
1977-11-01,94.28
1977-12-01,93.82
1978-01-01,90.25
1978-02-01,88.98
1978-03-01,88.82
1978-04-01,92.71
1978-05-01,97.41
1978-06-01,97.66
1978-07-01,97.19
1978-08-01,103.9
1978-09-01,103.9
1978-10-01,100.6
1978-11-01,94.71
1978-12-01,96.11
1979-01-01,99.71
1979-02-01,98.23
1979-03-01,100.1
1979-04-01,102.1
1979-05-01,99.73
1979-06-01,101.7
1979-07-01,102.7
1979-08-01,107.4
1979-09-01,108.6
1979-10-01,104.5
1979-11-01,103.7
1979-12-01,107.8
1980-01-01,110.9
1980-02-01,115.3
1980-03-01,104.7
1980-04-01,103.0
1980-05-01,107.7
1980-06-01,114.6
1980-07-01,119.8
1980-08-01,123.5
1980-09-01,126.5
1980-10-01,130.2
1980-11-01,135.7
1980-12-01,133.5
1981-01-01,133.0
1981-02-01,128.4
1981-03-01,133.2
1981-04-01,134.4
1981-05-01,131.7
1981-06-01,132.3
1981-07-01,129.1
1981-08-01,129.6
1981-09-01,118.3
1981-10-01,119.8
1981-11-01,122.9
1981-12-01,123.8
1982-01-01,117.3
1982-02-01,114.5
1982-03-01,110.8
1982-04-01,116.3
1982-05-01,116.4
1982-06-01,109.7
1982-07-01,109.4
1982-08-01,109.7
1982-09-01,122.4
1982-10-01,132.7
1982-11-01,138.1
1982-12-01,139.4
1983-01-01,144.3
1983-02-01,146.8
1983-03-01,151.9
1983-04-01,157.7
1983-05-01,164.1
1983-06-01,166.4
1983-07-01,167.0
1983-08-01,162.4
1983-09-01,167.2
1983-10-01,167.7
1983-11-01,165.2
1983-12-01,164.4
1984-01-01,166.4
1984-02-01,157.3
1984-03-01,157.4
1984-04-01,157.6
1984-05-01,156.6
1984-06-01,153.1
1984-07-01,151.1
1984-08-01,164.4
1984-09-01,166.1
1984-10-01,164.8
1984-11-01,166.3
1984-12-01,164.5
1985-01-01,171.6
1985-02-01,180.9
1985-03-01,179.4
1985-04-01,180.6
1985-05-01,184.9
1985-06-01,188.9
1985-07-01,192.5
1985-08-01,188.3
1985-09-01,184.1
1985-10-01,186.2
1985-11-01,197.5
1985-12-01,207.3
1986-01-01,208.2
1986-02-01,219.4
1986-03-01,232.3
1986-04-01,238.0
1986-05-01,238.5
1986-06-01,245.3
1986-07-01,240.2
1986-08-01,245.0
1986-09-01,238.3
1986-10-01,237.4
1986-11-01,245.1
1986-12-01,248.6
1987-01-01,264.5
1987-02-01,280.9
1987-03-01,292.5
1987-04-01,289.3
1987-05-01,289.1
1987-06-01,301.4
1987-07-01,310.1
1987-08-01,329.4
1987-09-01,318.7
1987-10-01,280.2
1987-11-01,245.0
1987-12-01,241.0
1988-01-01,250.5
1988-02-01,258.1
1988-03-01,265.7
1988-04-01,262.6
1988-05-01,256.1
1988-06-01,270.7
1988-07-01,269.1
1988-08-01,263.7
1988-09-01,268.0
1988-10-01,277.4
1988-11-01,271.0
1988-12-01,276.5
1989-01-01,285.4
1989-02-01,294.0
1989-03-01,292.7
1989-04-01,302.3
1989-05-01,313.9
1989-06-01,323.7
1989-07-01,331.9
1989-08-01,346.6
1989-09-01,347.3
1989-10-01,347.4
1989-11-01,340.2
1989-12-01,348.6
1990-01-01,339.97
1990-02-01,330.45
1990-03-01,338.46
1990-04-01,338.18
1990-05-01,350.25
1990-06-01,360.39
1990-07-01,360.03
1990-08-01,330.75
1990-09-01,315.41
1990-10-01,307.12
1990-11-01,315.29
1990-12-01,328.75
1991-01-01,325.49
1991-02-01,362.26
1991-03-01,372.28
1991-04-01,379.68
1991-05-01,377.99
1991-06-01,378.29
1991-07-01,380.23
1991-08-01,389.4
1991-09-01,387.2
1991-10-01,386.88
1991-11-01,385.92
1991-12-01,388.51
1992-01-01,416.08
1992-02-01,412.56
1992-03-01,407.36
1992-04-01,407.41
1992-05-01,414.81
1992-06-01,408.27
1992-07-01,415.05
1992-08-01,417.93
1992-09-01,418.48
1992-10-01,412.5
1992-11-01,422.84
1992-12-01,435.64
1993-01-01,435.23
1993-02-01,441.7
1993-03-01,450.16
1993-04-01,443.08
1993-05-01,445.25
1993-06-01,448.06
1993-07-01,447.29
1993-08-01,454.13
1993-09-01,459.24
1993-10-01,463.9
1993-11-01,462.89
1993-12-01,465.95
1994-01-01,472.99
1994-02-01,471.58
1994-03-01,463.81
1994-04-01,447.23
1994-05-01,450.9
1994-06-01,454.83
1994-07-01,451.4
1994-08-01,464.24
1994-09-01,466.96
1994-10-01,463.81
1994-11-01,461.01
1994-12-01,455.19
1995-01-01,465.25
1995-02-01,481.92
1995-03-01,493.15
1995-04-01,507.91
1995-05-01,523.81
1995-06-01,539.35
1995-07-01,557.37
1995-08-01,559.11
1995-09-01,578.77
1995-10-01,582.92
1995-11-01,595.53
1995-12-01,614.57
1996-01-01,614.42
1996-02-01,649.54
1996-03-01,647.07
1996-04-01,647.17
1996-05-01,661.23
1996-06-01,668.5
1996-07-01,644.07
1996-08-01,662.68
1996-09-01,674.88
1996-10-01,701.46
1996-11-01,735.67
1996-12-01,743.25
1997-01-01,766.22
1997-02-01,798.39
1997-03-01,792.16
1997-04-01,763.93
1997-05-01,833.09
1997-06-01,876.29
1997-07-01,925.29
1997-08-01,927.24
1997-09-01,937.02
1997-10-01,951.16
1997-11-01,938.92
1997-12-01,962.37
1998-01-01,963.36
1998-02-01,1023.74
1998-03-01,1076.83
1998-04-01,1112.2
1998-05-01,1108.42
1998-06-01,1108.39
1998-07-01,1156.58
1998-08-01,1074.62
1998-09-01,1020.64
1998-10-01,1032.47
1998-11-01,1144.43
1998-12-01,1190.05
1999-01-01,1248.77
1999-02-01,1246.58
1999-03-01,1281.66
1999-04-01,1334.76
1999-05-01,1332.07
1999-06-01,1322.55
1999-07-01,1380.99
1999-08-01,1327.49
1999-09-01,1318.17
1999-10-01,1300.01
1999-11-01,1391.0
1999-12-01,1428.68
2000-01-01,1425.59
2000-02-01,1388.87
2000-03-01,1442.21
2000-04-01,1461.36
2000-05-01,1418.48
2000-06-01,1461.96
2000-07-01,1473.0
2000-08-01,1485.46
2000-09-01,1468.05
2000-10-01,1390.14
2000-11-01,1378.04
2000-12-01,1330.93
2001-01-01,1335.63
2001-02-01,1305.75
2001-03-01,1185.85
2001-04-01,1189.84
2001-05-01,1270.37
2001-06-01,1238.71
2001-07-01,1204.45
2001-08-01,1178.5
2001-09-01,1044.64
2001-10-01,1076.59
2001-11-01,1129.68
2001-12-01,1144.93
2002-01-01,1140.21
2002-02-01,1100.67
2002-03-01,1153.79
2002-04-01,1111.93
2002-05-01,1079.25
2002-06-01,1014.02
2002-07-01,903.59
2002-08-01,912.55
2002-09-01,867.81
2002-10-01,854.63
2002-11-01,909.93
2002-12-01,899.18
2003-01-01,895.84
2003-02-01,837.03
2003-03-01,846.63
2003-04-01,890.03
2003-05-01,935.96
2003-06-01,988.0
2003-07-01,992.54
2003-08-01,989.53
2003-09-01,1019.44
2003-10-01,1038.73
2003-11-01,1049.9
2003-12-01,1080.64
2004-01-01,1132.52
2004-02-01,1143.36
2004-03-01,1123.98
2004-04-01,1133.36
2004-05-01,1102.78
2004-06-01,1132.76
2004-07-01,1105.85
2004-08-01,1088.94
2004-09-01,1117.66
2004-10-01,1117.21
2004-11-01,1168.94
2004-12-01,1199.21
2005-01-01,1181.41
2005-02-01,1199.63
2005-03-01,1194.9
2005-04-01,1164.43
2005-05-01,1178.28
2005-06-01,1202.25
2005-07-01,1222.24
2005-08-01,1224.27
2005-09-01,1225.92
2005-10-01,1191.96
2005-11-01,1237.37
2005-12-01,1262.07
2006-01-01,1278.73
2006-02-01,1276.65
2006-03-01,1293.74
2006-04-01,1302.17
2006-05-01,1290.01
2006-06-01,1253.17
2006-07-01,1260.24
2006-08-01,1287.15
2006-09-01,1317.74
2006-10-01,1363.38
2006-11-01,1388.64
2006-12-01,1416.42
2007-01-01,1424.16
2007-02-01,1444.8
2007-03-01,1406.95
2007-04-01,1463.64
2007-05-01,1511.14
2007-06-01,1514.19
2007-07-01,1520.71
2007-08-01,1454.62
2007-09-01,1497.12
2007-10-01,1539.66
2007-11-01,1463.39
2007-12-01,1479.22
2008-01-01,1378.76
2008-02-01,1354.87
2008-03-01,1316.94
2008-04-01,1370.47
2008-05-01,1403.22
2008-06-01,1341.25
2008-07-01,1257.33
2008-08-01,1281.47
2008-09-01,1216.95
2008-10-01,968.8
2008-11-01,883.04
2008-12-01,877.56
2009-01-01,865.58
2009-02-01,805.23
2009-03-01,757.13
2009-04-01,848.15
2009-05-01,902.41
2009-06-01,926.12
2009-07-01,935.82
2009-08-01,1009.73
2009-09-01,1044.55
2009-10-01,1067.66
2009-11-01,1088.07
2009-12-01,1110.38
2010-01-01,1123.58
2010-02-01,1089.16
2010-03-01,1152.05
2010-04-01,1197.32
2010-05-01,1125.06
2010-06-01,1083.36
2010-07-01,1079.8
2010-08-01,1087.28
2010-09-01,1122.08
2010-10-01,1171.58
2010-11-01,1198.89
2010-12-01,1241.53
2011-01-01,1282.62
2011-02-01,1321.12
2011-03-01,1304.49
2011-04-01,1331.51
2011-05-01,1338.31
2011-06-01,1287.29
2011-07-01,1325.19
2011-08-01,1185.31
2011-09-01,1173.88
2011-10-01,1207.22
2011-11-01,1226.42
2011-12-01,1243.32
2012-01-01,1300.58
2012-02-01,1352.49
2012-03-01,1389.24
2012-04-01,1386.43
2012-05-01,1341.27
2012-06-01,1323.48
2012-07-01,1359.78
2012-08-01,1403.45
2012-09-01,1443.42
2012-10-01,1437.82
2012-11-01,1394.51
2012-12-01,1422.29
2013-01-01,1480.4
2013-02-01,1512.31
2013-03-01,1550.83
2013-04-01,1570.7
2013-05-01,1639.84
2013-06-01,1618.77
2013-07-01,1668.68
2013-08-01,1670.09
2013-09-01,1687.17
2013-10-01,1720.03
2013-11-01,1783.54
2013-12-01,1807.78
2014-01-01,1822.36
2014-02-01,1817.04
2014-03-01,1863.52
2014-04-01,1864.26
2014-05-01,1889.77
2014-06-01,1947.09
2014-07-01,1973.1
2014-08-01,1961.53
2014-09-01,1993.23
2014-10-01,1937.27
2014-11-01,2044.57
2014-12-01,2054.27
2015-01-01,2028.18
2015-02-01,2082.2
2015-03-01,2079.99
2015-03-09,2079.43
2015-03-10,2044.16
2015-03-11,2040.24
2015-03-12,2065.95
2015-03-13,2053.40
2015-03-16,2081.19
2015-03-17,2074.28
2015-03-18,2099.50
2015-03-19,2089.27
2015-03-20,2108.10
2015-03-23,2104.42
2015-03-24,2091.50
2015-03-25,2061.05
2015-03-26,2056.15
2015-03-27,2061.02
2015-03-30,2086.24
2015-03-31,2067.89
2015-04-01,2059.69
2015-04-02,2066.96
2015-04-03,2066.96
2015-04-06,2080.62
2015-04-07,2076.33
2015-04-08,2081.90
2015-04-09,2091.18
2015-04-10,2102.06
2015-04-13,2092.43
2015-04-14,2095.84
2015-04-15,2106.63
2015-04-16,2104.99
2015-04-17,2081.18
2015-04-20,2100.40
2015-04-21,2097.29
2015-04-22,2107.96
2015-04-23,2112.93
2015-04-24,2117.69
2015-04-27,2108.92
2015-04-28,2114.76
2015-04-29,2106.85
2015-04-30,2085.51
2015-05-01,2108.29
2015-05-04,2114.49
2015-05-05,2089.46
2015-05-06,2080.15
2015-05-07,2088.00
2015-05-08,2116.10
2015-05-11,2105.33
2015-05-12,2099.12
2015-05-13,2098.48
2015-05-14,2121.10
2015-05-15,2122.73
2015-05-18,2129.20
2015-05-19,2127.83
2015-05-20,2125.85
2015-05-21,2130.82
2015-05-22,2126.06
2015-05-25,2126.06
2015-05-26,2104.20
2015-05-27,2123.48
2015-05-28,2120.79
2015-05-29,2107.39
2015-06-01,2111.73
2015-06-02,2109.60
2015-06-03,2114.07
2015-06-04,2095.84
2015-06-05,2092.83
2015-06-08,2079.28
2015-06-09,2080.15
2015-06-10,2105.20
2015-06-11,2108.86
2015-06-12,2094.11
2015-06-15,2084.43
2015-06-16,2096.29
2015-06-17,2100.44
2015-06-18,2121.24
2015-06-19,2109.99
2015-06-22,2122.85
2015-06-23,2124.20
2015-06-24,2108.58
2015-06-25,2102.31
2015-06-26,2101.49
2015-06-29,2057.64
2015-06-30,2063.11
2015-07-01,2077.42
2015-07-02,2076.78
2015-07-03,2076.78
2015-07-06,2068.76
2015-07-07,2081.34
2015-07-08,2046.68
2015-07-09,2051.31
2015-07-10,2076.62
2015-07-13,2099.60
2015-07-14,2108.95
2015-07-15,2107.40
2015-07-16,2124.29
2015-07-17,2126.64
2015-07-20,2128.28
2015-07-21,2119.21
2015-07-22,2114.15
2015-07-23,2102.15
2015-07-24,2079.65
2015-07-27,2067.64
2015-07-28,2093.25
2015-07-29,2108.57
2015-07-30,2108.63
2015-07-31,2103.84
2015-08-03,2098.04
2015-08-04,2093.32
2015-08-05,2099.84
2015-08-06,2083.56
2015-08-07,2077.57
2015-08-10,2104.18
2015-08-11,2084.07
2015-08-12,2086.05
2015-08-13,2083.39
2015-08-14,2091.54
2015-08-17,2102.44
2015-08-18,2096.92
2015-08-19,2079.61
2015-08-20,2035.73
2015-08-21,1970.89
2015-08-24,1893.21
2015-08-25,1867.61
2015-08-26,1940.51
2015-08-27,1987.66
2015-08-28,1988.87
2015-08-31,1972.18
2015-09-01,1913.85
2015-09-02,1948.86
2015-09-03,1951.13
2015-09-04,1921.22
2015-09-07,1921.22
2015-09-08,1969.41
2015-09-09,1942.04
2015-09-10,1952.29
2015-09-11,1961.05
2015-09-14,1953.03
2015-09-15,1978.09
2015-09-16,1995.31
2015-09-17,1990.20
2015-09-18,1958.03
2015-09-21,1966.97
2015-09-22,1942.74
2015-09-23,1938.76
2015-09-24,1932.24
2015-09-25,1931.34
2015-09-28,1881.77
2015-09-29,1884.09
2015-09-30,1920.03
2015-10-01,1923.82
2015-10-02,1951.36
2015-10-05,1987.05
2015-10-06,1979.92
2015-10-07,1995.83
2015-10-08,2013.43
2015-10-09,2014.89
2015-10-12,2017.46
2015-10-13,2003.69
2015-10-14,1994.24
2015-10-15,2023.86
2015-10-16,2033.11
2015-10-19,2033.66
2015-10-20,2030.77
2015-10-21,2018.94
2015-10-22,2052.51
2015-10-23,2075.15
2015-10-26,2071.18
2015-10-27,2065.89
2015-10-28,2090.35
2015-10-29,2089.41
2015-10-30,2079.36
2015-11-02,2104.05
2015-11-03,2109.79
2015-11-04,2102.31
2015-11-05,2099.93
2015-11-06,2099.20
2015-11-09,2078.58
2015-11-10,2081.72
2015-11-11,2075.00
2015-11-12,2045.97
2015-11-13,2023.04
2015-11-16,2053.19
2015-11-17,2050.44
2015-11-18,2083.58
2015-11-19,2081.24
2015-11-20,2089.17
2015-11-23,2086.59
2015-11-24,2089.14
2015-11-25,2088.87
2015-11-26,2088.87
2015-11-27,2090.11
2015-11-30,2080.41
2015-12-01,2102.63
2015-12-02,2079.51
2015-12-03,2049.62
2015-12-04,2091.69
2015-12-07,2077.07
2015-12-08,2063.59
2015-12-09,2047.62
2015-12-10,2052.23
2015-12-11,2012.37
2015-12-14,2021.94
2015-12-15,2043.41
2015-12-16,2073.07
2015-12-17,2041.89
2015-12-18,2005.55
2015-12-21,2021.15
2015-12-22,2038.97
2015-12-23,2064.29
2015-12-24,2060.99
2015-12-25,2060.99
2015-12-28,2056.50
2015-12-29,2078.36
2015-12-30,2063.36
2015-12-31,2043.94
2016-01-04,2012.66
2016-01-05,2016.71
2016-01-06,1990.26
2016-01-07,1943.09
2016-01-08,1922.03
2016-01-11,1923.67
2016-01-12,1938.68
2016-01-13,1890.28
2016-01-14,1921.84
2016-01-15,1880.33
2016-01-19,1881.33
2016-01-20,1859.33
2016-01-21,1868.99
2016-01-22,1906.90
2016-01-25,1877.08
2016-01-26,1903.63
2016-01-27,1882.95
2016-01-28,1893.36
2016-01-29,1940.24
2016-02-01,1939.38
2016-02-02,1903.03
2016-02-03,1912.53
2016-02-04,1915.45
2016-02-05,1880.05
2016-02-08,1853.44
2016-02-09,1852.21
2016-02-10,1851.86
2016-02-11,1829.08
2016-02-12,1864.78
2016-02-16,1895.58
2016-02-17,1926.82
2016-02-18,1917.83
2016-02-19,1917.78
2016-02-22,1945.50
2016-02-23,1921.27
2016-02-24,1929.80
2016-02-25,1951.70
2016-02-26,1948.05
2016-02-29,1932.23
2016-03-01,1978.35
2016-03-02,1986.45
2016-03-03,1993.40
2016-03-04,1999.99
2016-03-07,2001.76
2016-03-08,1979.26
2016-03-09,1989.26
2016-03-10,1989.57
2016-03-11,2022.19
2016-03-14,2019.64
2016-03-15,2015.93
2016-03-16,2027.22
2016-03-17,2040.59
2016-03-18,2049.58
2016-03-21,2051.60
2016-03-22,2049.80
2016-03-23,2036.71
2016-03-24,2035.94
2016-03-28,2037.05
2016-03-29,2055.01
2016-03-30,2063.95
2016-03-31,2059.74
2016-04-01,2072.78
2016-04-04,2066.13
2016-04-05,2045.17
2016-04-06,2066.66
2016-04-07,2041.91
2016-04-08,2047.60
2016-04-11,2041.99
2016-04-12,2061.72
2016-04-13,2082.42
2016-04-14,2082.78
2016-04-15,2080.73
2016-04-18,2094.34
2016-04-19,2100.80
2016-04-20,2102.40
2016-04-21,2091.48
2016-04-22,2091.58
2016-04-25,2087.79
2016-04-26,2091.70
2016-04-27,2095.15
2016-04-28,2075.81
2016-04-29,2065.30
2016-05-02,2081.43
2016-05-03,2063.37
2016-05-04,2051.12
2016-05-05,2050.63
2016-05-06,2057.14
2016-05-09,2058.69
2016-05-10,2084.39
2016-05-11,2064.46
2016-05-12,2064.11
2016-05-13,2046.61
2016-05-16,2066.66
2016-05-17,2047.21
2016-05-18,2047.63
2016-05-19,2040.04
2016-05-20,2052.32
2016-05-23,2048.04
2016-05-24,2076.06
2016-05-25,2090.54
2016-05-26,2090.10
2016-05-27,2099.06
2016-05-31,2096.96
2016-06-01,2099.33
2016-06-02,2105.26
2016-06-03,2099.13
2016-06-06,2109.41
2016-06-07,2112.13
2016-06-08,2119.12
2016-06-09,2115.48
2016-06-10,2096.07
2016-06-13,2079.06
2016-06-14,2075.32
2016-06-15,2071.50
2016-06-16,2077.99
2016-06-17,2071.22
2016-06-20,2083.25
2016-06-21,2088.90
2016-06-22,2085.45
2016-06-23,2113.32
2016-06-24,2037.41
2016-06-27,2000.54
2016-06-28,2036.09
2016-06-29,2070.77
2016-06-30,2098.86
2016-07-01,2102.95
2016-07-05,2088.55
2016-07-06,2099.73
2016-07-07,2097.90
2016-07-08,2129.90
2016-07-11,2137.16
2016-07-12,2152.14
2016-07-13,2152.43
2016-07-14,2163.75
2016-07-15,2161.74
2016-07-18,2166.89
2016-07-19,2163.78
2016-07-20,2173.02
2016-07-21,2165.17
2016-07-22,2175.03
2016-07-25,2168.48
2016-07-26,2169.18
2016-07-27,2166.58
2016-07-28,2170.06
2016-07-29,2173.60
2016-08-01,2170.84
2016-08-02,2157.03
2016-08-03,2163.79
2016-08-04,2164.25
2016-08-05,2182.87
2016-08-08,2180.89
2016-08-09,2181.74
2016-08-10,2175.49
2016-08-11,2185.79
2016-08-12,2184.05
2016-08-15,2190.15
2016-08-16,2178.15
2016-08-17,2182.22
2016-08-18,2187.02
2016-08-19,2183.87
2016-08-22,2182.64
2016-08-23,2186.90
2016-08-24,2175.44
2016-08-25,2172.47
2016-08-26,2169.04
2016-08-29,2180.38
2016-08-30,2176.12
2016-08-31,2170.95
2016-09-01,2170.86
2016-09-02,2179.98
2016-09-06,2186.48
2016-09-07,2186.16
2016-09-08,2181.30
2016-09-09,2127.81
2016-09-12,2159.04
2016-09-13,2127.02
2016-09-14,2125.77
2016-09-15,2147.26
2016-09-16,2139.16
2016-09-19,2139.12
2016-09-20,2139.76
2016-09-21,2163.12
2016-09-22,2177.18
2016-09-23,2164.69
2016-09-26,2146.10
2016-09-27,2159.93
2016-09-28,2171.37
2016-09-29,2151.13
2016-09-30,2168.27
2016-10-03,2161.20
2016-10-04,2150.49
2016-10-05,2159.73
2016-10-06,2160.77
2016-10-07,2153.74
2016-10-10,2163.66
2016-10-11,2136.73
2016-10-12,2139.18
2016-10-13,2132.55
2016-10-14,2132.98
2016-10-17,2126.50
2016-10-18,2139.60
2016-10-19,2144.29
2016-10-20,2141.34
2016-10-21,2141.16
2016-10-24,2151.33
2016-10-25,2143.16
2016-10-26,2139.43
2016-10-27,2133.04
2016-10-28,2126.41
2016-10-31,2126.15
2016-11-01,2111.72
2016-11-02,2097.94
2016-11-03,2088.66
2016-11-04,2085.18
2016-11-07,2131.52
2016-11-08,2139.56
2016-11-09,2163.26
2016-11-10,2167.48
2016-11-11,2164.45
2016-11-14,2164.20
2016-11-15,2180.39
2016-11-16,2176.94
2016-11-17,2187.12
2016-11-18,2181.90
2016-11-21,2198.18
2016-11-22,2202.94
2016-11-23,2204.72
2016-11-25,2213.35
2016-11-28,2201.72
2016-11-29,2204.66
2016-11-30,2198.81
2016-12-01,2191.08
2016-12-02,2191.95
2016-12-05,2204.71
2016-12-06,2212.23
2016-12-07,2241.35
2016-12-08,2246.19
2016-12-09,2259.53
2016-12-12,2256.96
2016-12-13,2271.72
2016-12-14,2253.28
2016-12-15,2262.03
2016-12-16,2258.07
2016-12-19,2262.53
2016-12-20,2270.76
2016-12-21,2265.18
2016-12-22,2260.96
2016-12-23,2263.79
2016-12-27,2268.88
2016-12-28,2249.92
2016-12-29,2249.26
2016-12-30,2238.83
2017-01-03,2257.83
2017-01-04,2270.75
2017-01-05,2269.00
2017-01-06,2276.98
2017-01-09,2268.90
2017-01-10,2268.90
2017-01-11,2275.32
2017-01-12,2270.44
2017-01-13,2274.64
2017-01-17,2267.89
2017-01-18,2271.89
2017-01-19,2263.69
2017-01-20,2271.31
2017-01-23,2265.20
2017-01-24,2280.07
2017-01-25,2298.37
2017-01-26,2296.68
2017-01-27,2294.69
2017-01-30,2280.90
2017-01-31,2278.87
2017-02-01,2279.55
2017-02-02,2280.85
2017-02-03,2297.42
2017-02-06,2292.56
2017-02-07,2293.08
2017-02-08,2294.67
2017-02-09,2307.87
2017-02-10,2316.10
2017-02-13,2328.25
2017-02-14,2337.58
2017-02-15,2349.25
2017-02-16,2347.22
2017-02-17,2351.16
2017-02-21,2365.38
2017-02-22,2362.82
2017-02-23,2363.81
2017-02-24,2367.34
2017-02-27,2369.75
2017-02-28,2363.64
2017-03-01,2395.96
2017-03-02,2381.92
2017-03-03,2383.12
2017-03-06,2375.31
2017-03-07,2368.39
2017-03-08,2362.98
2017-03-09,2364.87
2017-03-10,2372.60
2017-03-13,2373.47
2017-03-14,2365.45
2017-03-15,2385.26
2017-03-16,2381.38
2017-03-17,2378.25
2017-03-20,2373.47
2017-03-21,2344.02
2017-03-22,2348.45
2017-03-23,2345.96
2017-03-24,2343.98
2017-03-27,2341.59
2017-03-28,2358.57
2017-03-29,2361.13
2017-03-30,2368.06
2017-03-31,2362.72
2017-04-03,2358.84
2017-04-04,2360.16
2017-04-05,2352.95
2017-04-06,2357.49
2017-04-07,2355.54
2017-04-10,2357.16
2017-04-11,2353.78
2017-04-12,2344.93
2017-04-13,2328.95
2017-04-17,2349.01
2017-04-18,2342.19
2017-04-19,2338.17
2017-04-20,2355.84
2017-04-21,2348.69
2017-04-24,2374.15
2017-04-25,2388.61
2017-04-26,2387.45
2017-04-27,2388.77
2017-04-28,2384.20
2017-05-01,2388.33
2017-05-02,2391.17
2017-05-03,2388.13
2017-05-04,2389.52
2017-05-05,2399.29
2017-05-08,2399.38
2017-05-09,2396.92
2017-05-10,2399.63
2017-05-11,2394.44
2017-05-12,2390.90
2017-05-15,2402.32
2017-05-16,2400.67
2017-05-17,2357.03
2017-05-18,2365.72
2017-05-19,2381.73
2017-05-22,2394.02
2017-05-23,2398.42
2017-05-24,2404.39
2017-05-25,2415.07
2017-05-26,2415.82
2017-05-30,2412.91
2017-05-31,2411.80
2017-06-01,2430.06
2017-06-02,2439.07
2017-06-05,2436.10
2017-06-06,2429.33
2017-06-07,2433.14
2017-06-08,2433.79
2017-06-09,2431.77
2017-06-12,2429.39
2017-06-13,2440.35
2017-06-14,2437.92
2017-06-15,2432.46
2017-06-16,2433.15
2017-06-19,2453.46
2017-06-20,2437.03
2017-06-21,2435.61
2017-06-22,2434.50
2017-06-23,2438.30
2017-06-26,2439.07
2017-06-27,2419.38
2017-06-28,2440.69
2017-06-29,2419.70
2017-06-30,2423.41
2017-07-03,2429.01
2017-07-05,2432.54
2017-07-06,2409.75
2017-07-07,2425.18
2017-07-10,2427.43
2017-07-11,2425.53
2017-07-12,2443.25
2017-07-13,2447.83
2017-07-14,2459.27
2017-07-17,2459.14
2017-07-18,2460.61
2017-07-19,2473.83
2017-07-20,2473.45
2017-07-21,2472.54
2017-07-24,2469.91
2017-07-25,2477.13
2017-07-26,2477.83
2017-07-27,2475.42
2017-07-28,2472.10
2017-07-31,2470.30
2017-08-01,2476.35
2017-08-02,2477.57
2017-08-03,2472.16
2017-08-04,2476.83
2017-08-07,2480.91
2017-08-08,2474.92
2017-08-09,2474.02
2017-08-10,2438.21
2017-08-11,2441.32
2017-08-14,2465.84
2017-08-15,2464.61
2017-08-16,2468.11
2017-08-17,2430.01
2017-08-18,2425.55
2017-08-21,2428.37
2017-08-22,2452.51
2017-08-23,2444.04
2017-08-24,2438.97
2017-08-25,2443.05
2017-08-28,2444.24
2017-08-29,2446.30
2017-08-30,2457.59
2017-08-31,2471.65
2017-09-01,2476.55
2017-09-05,2457.85
2017-09-06,2465.54
2017-09-07,2465.10
2017-09-08,2461.43
2017-09-11,2488.11
2017-09-12,2496.48
2017-09-13,2498.37
2017-09-14,2495.62
2017-09-15,2500.23
2017-09-18,2503.87
2017-09-19,2506.65
2017-09-20,2508.24
2017-09-21,2500.60
2017-09-22,2502.22
2017-09-25,2496.66
2017-09-26,2496.84
2017-09-27,2507.04
2017-09-28,2510.06
2017-09-29,2519.36
2017-10-02,2529.12
2017-10-03,2534.58
2017-10-04,2537.74
2017-10-05,2552.07
2017-10-06,2549.33
2017-10-09,2544.73
2017-10-10,2550.64
2017-10-11,2555.24
2017-10-12,2550.93
2017-10-13,2553.17
2017-10-16,2557.64
2017-10-17,2559.36
2017-10-18,2561.26
2017-10-19,2562.10
2017-10-20,2575.21
2017-10-23,2564.98
2017-10-24,2569.13
2017-10-25,2557.15
2017-10-26,2560.40
2017-10-27,2581.07
2017-10-30,2572.83
2017-10-31,2575.26
2017-11-01,2579.36
2017-11-02,2579.85
2017-11-03,2587.84
2017-11-06,2591.13
2017-11-07,2590.64
2017-11-08,2594.38
2017-11-09,2584.62
2017-11-10,2582.30
2017-11-13,2584.84
2017-11-14,2578.87
2017-11-15,2564.62
2017-11-16,2585.64
2017-11-17,2578.85
2017-11-20,2582.14
2017-11-21,2599.03
2017-11-22,2597.08
2017-11-24,2602.42
2017-11-27,2601.42
2017-11-28,2627.04
2017-11-29,2626.07
2017-11-30,2647.58
2017-12-01,2642.22
2017-12-04,2639.44
2017-12-05,2629.57
2017-12-06,2629.27
2017-12-07,2636.98
2017-12-08,2651.50
2017-12-11,2659.99
2017-12-12,2664.11
2017-12-13,2662.85
2017-12-14,2652.01
2017-12-15,2675.81
2017-12-18,2690.16
2017-12-19,2681.47
2017-12-20,2679.25
2017-12-21,2684.57
2017-12-22,2683.34
2017-12-26,2680.50
2017-12-27,2682.62
2017-12-28,2687.54
2017-12-29,2673.61
2018-01-02,2695.81
2018-01-03,2713.06
2018-01-04,2723.99
2018-01-05,2743.15
2018-01-08,2747.71
2018-01-09,2751.29
2018-01-10,2748.23
2018-01-11,2767.56
2018-01-12,2786.24
2018-01-16,2776.42
2018-01-17,2802.56
2018-01-18,2798.03
2018-01-19,2810.30
2018-01-22,2832.97
2018-01-23,2839.13
2018-01-24,2837.54
2018-01-25,2839.25
2018-01-26,2872.87
2018-01-29,2853.53
2018-01-30,2822.43
2018-01-31,2823.81
2018-02-01,2821.98
2018-02-02,2762.13
2018-02-05,2648.94
2018-02-06,2695.14
2018-02-07,2681.66
2018-02-08,2581.00
2018-02-09,2619.55
2018-02-12,2656.00
2018-02-13,2662.94
2018-02-14,2698.63
2018-02-15,2731.20
2018-02-16,2732.22
2018-02-20,2716.26
2018-02-21,2701.33
2018-02-22,2703.96
2018-02-23,2747.30
2018-02-26,2779.60
2018-02-27,2744.28
2018-02-28,2713.83
2018-03-01,2677.67
2018-03-02,2691.25
2018-03-05,2720.94
2018-03-06,2728.12
2018-03-07,2726.80
2018-03-08,2738.97
2018-03-09,2786.57
2018-03-12,2783.02
2018-03-13,2765.31
2018-03-14,2749.48
2018-03-15,2747.33
2018-03-16,2752.01
2018-03-19,2712.92
2018-03-20,2716.94
2018-03-21,2711.93
2018-03-22,2643.69
2018-03-23,2588.26
2018-03-26,2658.55
2018-03-27,2612.62
2018-03-28,2605.00
2018-03-29,2640.87
2018-04-02,2581.88
2018-04-03,2614.45
2018-04-04,2644.69
2018-04-05,2662.84
2018-04-06,2604.47
2018-04-09,2613.16
2018-04-10,2656.87
2018-04-11,2642.19
2018-04-12,2663.99
2018-04-13,2656.30
2018-04-16,2677.84
2018-04-17,2706.39
2018-04-18,2708.64
2018-04-19,2693.13
2018-04-20,2670.14
2018-04-23,2670.29
2018-04-24,2634.56
2018-04-25,2639.40
2018-04-26,2666.94
2018-04-27,2669.91
2018-04-30,2648.05
2018-05-01,2654.80
2018-05-02,2635.67
2018-05-03,2629.73
2018-05-04,2663.42
2018-05-07,2672.63
2018-05-08,2671.92
2018-05-09,2697.79
2018-05-10,2723.07
2018-05-11,2727.72
2018-05-14,2730.13
2018-05-15,2711.45
2018-05-16,2722.46
2018-05-17,2720.13
2018-05-18,2712.97
2018-05-21,2733.01
2018-05-22,2724.44
2018-05-23,2733.29
2018-05-24,2727.76
2018-05-25,2721.33
2018-05-29,2689.86
2018-05-30,2724.01
2018-05-31,2705.27
2018-06-01,2734.62
2018-06-04,2746.87
2018-06-05,2748.80
2018-06-06,2772.35
2018-06-07,2770.37
2018-06-08,2779.03
2018-06-11,2782.00
2018-06-12,2786.85
2018-06-13,2775.63
2018-06-14,2782.49
2018-06-15,2779.66
2018-06-18,2773.75
2018-06-19,2762.59
2018-06-20,2767.32
2018-06-21,2749.76
2018-06-22,2754.88
2018-06-25,2717.07
2018-06-26,2723.06
2018-06-27,2699.63
2018-06-28,2716.31
2018-06-29,2718.37
2018-07-02,2726.71
2018-07-03,2713.22
2018-07-05,2736.61
2018-07-06,2759.82
2018-07-09,2784.17
2018-07-10,2793.84
2018-07-11,2774.02
2018-07-12,2798.29
2018-07-13,2801.31
2018-07-16,2798.43
2018-07-17,2809.55
2018-07-18,2815.62
2018-07-19,2804.49
2018-07-20,2801.83
2018-07-23,2806.98
2018-07-24,2820.40
2018-07-25,2846.07
2018-07-26,2837.44
2018-07-27,2818.82
2018-07-30,2802.60
2018-07-31,2816.29
2018-08-01,2813.36
2018-08-02,2827.22
2018-08-03,2840.35
2018-08-06,2850.40
2018-08-07,2858.45
2018-08-08,2857.70
2018-08-09,2853.58
2018-08-10,2833.28
2018-08-13,2821.93
2018-08-14,2839.96
2018-08-15,2818.37
2018-08-16,2840.69
2018-08-17,2850.13
2018-08-20,2857.05
2018-08-21,2862.96
2018-08-22,2861.82
2018-08-23,2856.98
2018-08-24,2874.69
2018-08-27,2896.74
2018-08-28,2897.52
2018-08-29,2914.04
2018-08-30,2901.13
2018-08-31,2901.52
2018-09-04,2896.72
2018-09-05,2888.60
2018-09-06,2878.05
2018-09-07,2871.68
2018-09-10,2877.13
2018-09-11,2887.89
2018-09-12,2888.92
2018-09-13,2904.18
2018-09-14,2904.98
2018-09-17,2888.80
2018-09-18,2904.31
2018-09-19,2907.95
2018-09-20,2930.75
2018-09-21,2929.67
2018-09-24,2919.37
2018-09-25,2915.56
2018-09-26,2905.97
2018-09-27,2914.00
2018-09-28,2913.98
2018-10-01,2924.59
2018-10-02,2923.43
2018-10-03,2925.51
2018-10-04,2901.61
2018-10-05,2885.57
2018-10-08,2884.43
2018-10-09,2880.34
2018-10-10,2785.68
2018-10-11,2728.37
2018-10-12,2767.13
2018-10-15,2750.79
2018-10-16,2809.92
2018-10-17,2809.21
2018-10-18,2768.78
2018-10-19,2767.78
2018-10-22,2755.88
2018-10-23,2740.69
2018-10-24,2656.10
2018-10-25,2705.57
2018-10-26,2658.69
2018-10-29,2641.25
2018-10-30,2682.63
2018-10-31,2711.74
2018-11-01,2740.37
2018-11-02,2723.06
2018-11-05,2738.31
2018-11-06,2755.45
2018-11-07,2813.89
2018-11-08,2806.83
2018-11-09,2781.01
2018-11-12,2726.22
2018-11-13,2722.18
2018-11-14,2701.58
2018-11-15,2730.20
2018-11-16,2736.27
2018-11-19,2690.73
2018-11-20,2641.89
2018-11-21,2649.93
2018-11-23,2632.56
2018-11-26,2673.45
2018-11-27,2682.17
2018-11-28,2743.79
2018-11-29,2737.76
2018-11-30,2760.17
2018-12-03,2790.37
2018-12-04,2700.06
2018-12-06,2695.95
2018-12-07,2633.08
2018-12-10,2637.72
2018-12-11,2636.78
2018-12-12,2651.07
2018-12-13,2650.54
2018-12-14,2599.95
2018-12-17,2545.94
2018-12-18,2546.16
2018-12-19,2506.96
2018-12-20,2467.42
2018-12-21,2416.62
2018-12-24,2351.10
2018-12-26,2467.70
2018-12-27,2488.83
2018-12-28,2485.74
2018-12-31,2506.85
2019-01-02,2510.03
2019-01-03,2447.89
2019-01-04,2531.94
2019-01-07,2549.69
2019-01-08,2574.41
2019-01-09,2584.96
2019-01-10,2596.64
2019-01-11,2596.26
2019-01-14,2582.61
2019-01-15,2610.30
2019-01-16,2616.10
2019-01-17,2635.96
2019-01-18,2670.71
2019-01-22,2632.90
2019-01-23,2638.70
2019-01-24,2642.33
2019-01-25,2664.76
2019-01-28,2643.85
2019-01-29,2640.00
2019-01-30,2681.05
2019-01-31,2704.10
2019-02-01,2706.53
2019-02-04,2724.87
2019-02-05,2737.70
2019-02-06,2731.61
2019-02-07,2706.05
2019-02-08,2707.88
2019-02-11,2709.80
2019-02-12,2744.73
2019-02-13,2753.03
2019-02-14,2745.73
2019-02-15,2775.60
2019-02-19,2779.76
2019-02-20,2784.70
2019-02-21,2774.88
2019-02-22,2792.67
2019-02-25,2796.11
2019-02-26,2793.90
2019-02-27,2792.38
2019-02-28,2784.49
2019-03-01,2803.69
2019-03-04,2792.81
2019-03-05,2789.65
2019-03-06,2771.45
2019-03-07,2748.93
2019-03-08,2743.07
2019-03-11,2783.30
2019-03-12,2791.52
2019-03-13,2810.92
2019-03-14,2808.48
2019-03-15,2822.48
2019-03-18,2832.94
2019-03-19,2832.57
2019-03-20,2824.23
2019-03-21,2854.88
2019-03-22,2800.71
2019-03-25,2798.36
2019-03-26,2818.46
2019-03-27,2805.37
2019-03-28,2815.44
2019-03-29,2834.40
2019-04-01,2867.19
2019-04-02,2867.24
2019-04-03,2873.40
2019-04-04,2879.39
2019-04-05,2892.74
2019-04-08,2895.77
2019-04-09,2878.20
2019-04-10,2888.21
2019-04-11,2888.32
2019-04-12,2907.41
2019-04-15,2905.58
2019-04-16,2907.06
2019-04-17,2900.45
2019-04-18,2905.03
2019-04-22,2907.97
2019-04-23,2933.68
2019-04-24,2927.25
2019-04-25,2926.17
2019-04-26,2939.88
2019-04-29,2943.03
2019-04-30,2945.83
2019-05-01,2923.73
2019-05-02,2917.52
2019-05-03,2945.64
2019-05-06,2932.47
2019-05-07,2884.05
2019-05-08,2879.42
2019-05-09,2870.72
2019-05-10,2881.40
2019-05-13,2811.87
2019-05-14,2834.41
2019-05-15,2850.96
2019-05-16,2876.32
2019-05-17,2859.53
2019-05-20,2840.23
2019-05-21,2864.36
2019-05-22,2856.27
2019-05-23,2822.24
2019-05-24,2826.06
2019-05-28,2802.39
2019-05-29,2783.02
2019-05-30,2788.86
2019-05-31,2752.06
2019-06-03,2744.45
2019-06-04,2803.27
2019-06-05,2826.15
2019-06-06,2843.49
2019-06-07,2873.34
2019-06-10,2886.73
2019-06-11,2885.72
2019-06-12,2879.84
2019-06-13,2891.64
2019-06-14,2886.98
2019-06-17,2889.67
2019-06-18,2917.75
2019-06-19,2926.46
2019-06-20,2954.18
2019-06-21,2950.46
2019-06-24,2945.35
2019-06-25,2917.38
2019-06-26,2913.78
2019-06-27,2924.92
2019-06-28,2941.76
2019-07-01,2964.33
2019-07-02,2973.01
2019-07-03,2995.82
2019-07-05,2990.41
2019-07-08,2975.95
2019-07-09,2979.63
2019-07-10,2993.07
2019-07-11,2999.91
2019-07-12,3013.77
2019-07-15,3014.30
2019-07-16,3004.04
2019-07-17,2984.42
2019-07-18,2995.11
2019-07-19,2976.61
2019-07-22,2985.03
2019-07-23,3005.47
2019-07-24,3019.56
2019-07-25,3003.67
2019-07-26,3025.86
2019-07-29,3020.97
2019-07-30,3013.18
2019-07-31,2980.38
2019-08-01,2953.56
2019-08-02,2932.05
2019-08-05,2844.74
2019-08-06,2881.77
2019-08-07,2883.98
2019-08-08,2938.09
2019-08-09,2918.65
2019-08-12,2883.09
2019-08-13,2926.32
2019-08-14,2840.60
2019-08-15,2847.60
2019-08-16,2888.68
2019-08-19,2923.65
2019-08-20,2900.51
2019-08-21,2924.43
2019-08-22,2922.95
2019-08-23,2847.11
2019-08-26,2878.38
2019-08-27,2869.16
2019-08-28,2887.94
2019-08-29,2924.58
2019-08-30,2926.46
2019-09-03,2906.27
2019-09-04,2937.78
2019-09-05,2976.00
2019-09-06,2978.71
2019-09-09,2978.43
2019-09-10,2979.39
2019-09-11,3000.93
2019-09-12,3009.57
2019-09-13,3007.39
2019-09-16,2997.96
2019-09-17,3005.70
2019-09-18,3006.73
2019-09-19,3006.79
2019-09-20,2992.07
2019-09-23,2991.78
2019-09-24,2966.60
2019-09-25,2984.87
2019-09-26,2977.62
2019-09-27,2961.79
2019-09-30,2976.74
2019-10-01,2940.25
2019-10-02,2887.61
2019-10-03,2910.63
2019-10-04,2952.01
2019-10-07,2938.79
2019-10-08,2893.06
2019-10-09,2919.40
2019-10-10,2938.13
2019-10-11,2970.27
2019-10-14,2966.15
2019-10-15,2995.68
2019-10-16,2989.69
2019-10-17,2997.95
2019-10-18,2986.20
2019-10-21,3006.72
2019-10-22,2995.99
2019-10-23,3004.52
2019-10-24,3010.29
2019-10-25,3022.55
2019-10-28,3039.42
2019-10-29,3036.89
2019-10-30,3046.77
2019-10-31,3037.56
2019-11-01,3066.91
2019-11-04,3078.27
2019-11-05,3074.62
2019-11-06,3076.78
2019-11-07,3085.18
2019-11-08,3093.08
2019-11-11,3087.01
2019-11-12,3091.84
2019-11-13,3094.04
2019-11-14,3096.63
2019-11-15,3120.46
2019-11-18,3122.03
2019-11-19,3120.18
2019-11-20,3108.46
2019-11-21,3103.54
2019-11-22,3110.29
2019-11-25,3133.64
2019-11-26,3140.52
2019-11-27,3153.63
2019-11-29,3140.98
2019-12-02,3113.87
2019-12-03,3093.20
2019-12-04,3112.76
2019-12-05,3117.43
2019-12-06,3145.91
2019-12-09,3135.96
2019-12-10,3132.52
2019-12-11,3141.63
2019-12-12,3168.57
2019-12-13,3168.80
2019-12-16,3191.45
2019-12-17,3192.52
2019-12-18,3191.14
2019-12-19,3205.37
2019-12-20,3221.22
2019-12-23,3224.01
2019-12-24,3223.38
2019-12-26,3239.91
2019-12-27,3240.02
2019-12-30,3221.29
2019-12-31,3230.78
2020-01-02,3257.85
2020-01-03,3234.85
2020-01-06,3246.28
2020-01-07,3237.18
2020-01-08,3253.05
2020-01-09,3274.70
2020-01-10,3265.35
2020-01-13,3288.13
2020-01-14,3283.15
2020-01-15,3289.29
2020-01-16,3316.81
2020-01-17,3329.62
2020-01-21,3320.79
2020-01-22,3321.75
2020-01-23,3325.54
2020-01-24,3295.47
2020-01-27,3243.63
2020-01-28,3276.24
2020-01-29,3273.40
2020-01-30,3283.66
2020-01-31,3225.52
2020-02-03,3248.92
2020-02-04,3297.59
2020-02-05,3334.69
2020-02-06,3345.78
2020-02-07,3327.71
2020-02-10,3352.09
2020-02-11,3357.75
2020-02-12,3379.45
2020-02-13,3373.94
2020-02-14,3380.16
2020-02-18,3370.29
2020-02-19,3386.15
2020-02-20,3373.23
2020-02-21,3337.75
2020-02-24,3225.89
2020-02-25,3128.21
2020-02-26,3116.39
2020-02-27,2978.76
2020-02-28,2954.22
2020-03-02,3090.23
2020-03-03,3003.37
2020-03-04,3130.12
2020-03-05,3023.94
2020-03-06,2972.37
2020-03-09,2746.56
2020-03-10,2882.23
2020-03-11,2741.38
2020-03-12,2480.64
2020-03-13,2711.02
2020-03-16,2386.13
2020-03-17,2529.19
2020-03-18,2398.10
2020-03-19,2409.39
2020-03-20,2304.92
2020-03-23,2237.40
2020-03-24,2447.33
2020-03-25,2475.56
2020-03-26,2630.07
2020-03-27,2541.47
2020-03-30,2626.65
2020-03-31,2584.59
2020-04-01,2470.50
2020-04-02,2526.90
2020-04-03,2488.65
2020-04-06,2663.68
2020-04-07,2659.41
2020-04-08,2749.98
2020-04-09,2789.82
2020-04-13,2761.63
2020-04-14,2846.06
2020-04-15,2783.36
2020-04-16,2799.55
2020-04-17,2874.56
2020-04-20,2823.16
2020-04-21,2736.56
2020-04-22,2799.31
2020-04-23,2797.80
2020-04-24,2836.74
2020-04-27,2878.48
2020-04-28,2863.39
2020-04-29,2939.51
2020-04-30,2912.43
2020-05-01,2830.71
2020-05-04,2842.74
2020-05-05,2868.44
2020-05-06,2848.42
2020-05-07,2881.19
2020-05-08,2929.80
2020-05-11,2930.32
2020-05-12,2870.12
2020-05-13,2820.00
2020-05-14,2852.50
2020-05-15,2863.70
2020-05-18,2953.91
2020-05-19,2922.94
2020-05-20,2971.61
2020-05-21,2948.51
2020-05-22,2955.45
2020-05-26,2991.77
2020-05-27,3036.13
2020-05-28,3029.73
2020-05-29,3044.31
2020-06-01,3055.73
2020-06-02,3080.82
2020-06-03,3122.87
2020-06-04,3112.35
2020-06-05,3193.93
2020-06-08,3232.39
2020-06-09,3207.18
2020-06-10,3190.14
2020-06-11,3002.10
2020-06-12,3041.31
2020-06-15,3066.59
2020-06-16,3124.74
2020-06-17,3113.49
2020-06-18,3115.34
2020-06-19,3097.74
2020-06-22,3117.86
2020-06-23,3131.29
2020-06-24,3050.33
2020-06-25,3083.76
2020-06-26,3009.05
2020-06-29,3053.24
2020-06-30,3100.29
2020-07-01,3115.86
2020-07-02,3130.01
2020-07-06,3179.72
2020-07-07,3145.32
2020-07-08,3169.94
2020-07-09,3152.05
2020-07-10,3185.04
2020-07-13,3155.22
2020-07-14,3197.52
2020-07-15,3226.56
2020-07-16,3215.57
2020-07-17,3224.73
2020-07-20,3251.84
2020-07-21,3257.30
2020-07-22,3276.02
2020-07-23,3235.66
2020-07-24,3215.63
2020-07-27,3239.41
2020-07-28,3218.44
2020-07-29,3258.44
2020-07-30,3246.22
2020-07-31,3271.12
2020-08-03,3294.61
2020-08-04,3306.51
2020-08-05,3327.77
2020-08-06,3349.16
2020-08-07,3351.28
2020-08-10,3360.47
2020-08-11,3333.69
2020-08-12,3380.35
2020-08-13,3373.43
2020-08-14,3372.85
2020-08-17,3381.99
2020-08-18,3389.78
2020-08-19,3374.85
2020-08-20,3385.51
2020-08-21,3397.16
2020-08-24,3431.28
2020-08-25,3443.62
2020-08-26,3478.73
2020-08-27,3484.55
2020-08-28,3508.01
2020-08-31,3500.31
2020-09-01,3526.65
2020-09-02,3580.84
2020-09-03,3455.06
2020-09-04,3426.96
2020-09-08,3331.84
2020-09-09,3398.96
2020-09-10,3339.19
2020-09-11,3340.97
2020-09-14,3383.54
2020-09-15,3401.20
2020-09-16,3385.49
2020-09-17,3357.01
2020-09-18,3319.47
2020-09-21,3281.06
2020-09-22,3315.57
2020-09-23,3236.92
2020-09-24,3246.59
2020-09-25,3298.46
2020-09-28,3351.60
2020-09-29,3335.47
2020-09-30,3363.00
2020-10-01,3380.80
2020-10-02,3348.44
2020-10-05,3408.63
2020-10-06,3360.95
2020-10-07,3419.45
2020-10-08,3446.83
2020-10-09,3477.13
2020-10-12,3534.22
2020-10-13,3511.93
2020-10-14,3488.67
2020-10-15,3483.34
2020-10-16,3483.81
2020-10-19,3426.92
2020-10-20,3443.12
2020-10-21,3435.56
2020-10-22,3453.49
2020-10-23,3465.39
2020-10-26,3400.97
2020-10-27,3390.68
2020-10-28,3271.03
2020-10-29,3310.11
2020-10-30,3269.96
2020-11-02,3310.24
2020-11-03,3369.02
2020-11-04,3443.44
2020-11-05,3510.45
2020-11-06,3509.44
2020-11-09,3550.50
2020-11-10,3545.53
2020-11-11,3572.66
2020-11-12,3537.01
2020-11-13,3585.15
2020-11-16,3626.91
2020-11-17,3609.53
2020-11-18,3567.79
2020-11-19,3581.87
2020-11-20,3557.54
2020-11-23,3577.59
2020-11-24,3635.41
2020-11-25,3629.65
2020-11-27,3638.35
2020-11-30,3621.63
2020-12-01,3662.45
2020-12-02,3669.01
2020-12-03,3666.72
2020-12-04,3699.12
2020-12-07,3691.96
2020-12-08,3702.25
2020-12-09,3672.82
2020-12-10,3668.10
2020-12-11,3663.46
2020-12-14,3647.49
2020-12-15,3694.62
2020-12-16,3701.17
2020-12-17,3722.48
2020-12-18,3709.41
2020-12-21,3694.92
2020-12-22,3687.26
2020-12-23,3690.01
2020-12-24,3703.06
2020-12-28,3735.36
2020-12-29,3727.04
2020-12-30,3732.04
2020-12-31,3756.07
2021-01-04,3700.65
2021-01-05,3726.86
2021-01-06,3748.14
2021-01-07,3803.79
2021-01-08,3824.68
2021-01-11,3799.61
2021-01-12,3801.19
2021-01-13,3809.84
2021-01-14,3795.54
2021-01-15,3768.25
2021-01-19,3798.91
2021-01-20,3851.85
2021-01-21,3853.07
2021-01-22,3841.47
2021-01-25,3855.36
2021-01-26,3849.62
2021-01-27,3750.77
2021-01-28,3787.38
2021-01-29,3714.24
2021-02-01,3773.86
2021-02-02,3826.31
2021-02-03,3830.17
2021-02-04,3871.74
2021-02-05,3886.83
2021-02-08,3915.59
2021-02-09,3911.23
2021-02-10,3909.88
2021-02-11,3916.38
2021-02-12,3934.83
2021-02-16,3932.59
2021-02-17,3931.33
2021-02-18,3913.97
2021-02-19,3906.71
2021-02-22,3876.50
2021-02-23,3881.37
2021-02-24,3925.43
2021-02-25,3829.34
2021-02-26,3811.15
2021-03-01,3901.82
2021-03-02,3870.29
2021-03-03,3819.72
2021-03-04,3768.47
2021-03-05,3841.94
2021-03-08,3821.35
2021-03-09,3875.44
2021-03-10,3898.81
2021-03-11,3939.34
2021-03-12,3943.34
2021-03-15,3968.94
2021-03-16,3962.71
2021-03-17,3974.12
2021-03-18,3915.46
2021-03-19,3913.10
2021-03-22,3940.59
2021-03-23,3910.52
2021-03-24,3889.14
2021-03-25,3909.52
2021-03-26,3974.54
2021-03-29,3971.09
2021-03-30,3958.55
2021-03-31,3972.89
2021-04-01,4019.87
2021-04-05,4077.91
2021-04-06,4073.94
2021-04-07,4079.95
2021-04-08,4097.17
2021-04-09,4128.80
2021-04-12,4127.99
2021-04-13,4141.59
2021-04-14,4124.66
2021-04-15,4170.42
2021-04-16,4185.47
2021-04-19,4163.26
2021-04-20,4134.94
2021-04-21,4173.42
2021-04-22,4134.98
2021-04-23,4180.17
2021-04-26,4187.62
2021-04-27,4186.72
2021-04-28,4183.18
2021-04-29,4211.47
2021-04-30,4181.17
2021-05-03,4192.66
2021-05-04,4164.66
2021-05-05,4167.59
2021-05-06,4201.62
2021-05-07,4232.60
2021-05-10,4188.43
2021-05-11,4152.10
2021-05-12,4063.04
2021-05-13,4112.50
2021-05-14,4173.85
2021-05-17,4163.29
2021-05-18,4127.83
2021-05-19,4115.68
2021-05-20,4159.12
2021-05-21,4155.86
2021-05-24,4197.05
2021-05-25,4188.13
2021-05-26,4195.99
2021-05-27,4200.88
2021-05-28,4204.11
2021-06-01,4202.04
2021-06-02,4208.12
2021-06-03,4192.85
2021-06-04,4229.89
2021-06-07,4226.52
2021-06-08,4227.26
2021-06-09,4219.55
2021-06-10,4239.18
2021-06-11,4247.44
2021-06-14,4255.15
2021-06-15,4246.59
2021-06-16,4223.70
2021-06-17,4221.86
2021-06-18,4166.45
2021-06-21,4224.79
2021-06-22,4246.44
2021-06-23,4241.84
2021-06-24,4266.49
2021-06-25,4280.70
2021-06-28,4290.61
2021-06-29,4291.80
2021-06-30,4297.50
2021-07-01,4319.94
2021-07-02,4352.34
2021-07-06,4343.54
2021-07-07,4358.13
2021-07-08,4320.82
2021-07-09,4369.55
2021-07-12,4384.63
2021-07-13,4369.21
2021-07-14,4374.30
2021-07-15,4360.03
2021-07-16,4327.16
2021-07-19,4258.49
2021-07-20,4323.06
2021-07-21,4358.69
2021-07-22,4367.48
2021-07-23,4411.79
2021-07-26,4422.30
2021-07-27,4401.46
2021-07-28,4400.64
2021-07-29,4419.15
2021-07-30,4395.26
2021-08-02,4387.16
2021-08-03,4423.15
2021-08-04,4402.66
2021-08-05,4429.10
2021-08-06,4436.52
2021-08-09,4432.35
2021-08-10,4436.75
2021-08-11,4447.70
2021-08-12,4460.83
2021-08-13,4468.00
2021-08-16,4479.71
2021-08-17,4448.08
2021-08-18,4400.27
2021-08-19,4405.80
2021-08-20,4441.67
2021-08-23,4479.53
2021-08-24,4486.23
2021-08-25,4496.19
2021-08-26,4470.00
2021-08-27,4509.37
2021-08-30,4528.79
2021-08-31,4522.68
2021-09-01,4524.09
2021-09-02,4536.95
2021-09-03,4535.43
2021-09-07,4520.03
2021-09-08,4514.07
2021-09-09,4493.28
2021-09-10,4458.58
2021-09-13,4468.73
2021-09-14,4443.05
2021-09-15,4480.70
2021-09-16,4473.75
2021-09-17,4432.99
2021-09-20,4357.73
2021-09-21,4354.19
2021-09-22,4395.64
2021-09-23,4448.98
2021-09-24,4455.48
2021-09-27,4443.11
2021-09-28,4352.63
2021-09-29,4359.46
2021-09-30,4307.54
2021-10-01,4357.04
2021-10-04,4300.46
2021-10-05,4345.72
2021-10-06,4363.55
2021-10-07,4399.76
2021-10-08,4391.34
2021-10-11,4361.19
2021-10-12,4350.65
2021-10-13,4363.80
2021-10-14,4438.26
2021-10-15,4471.37
2021-10-18,4486.46
2021-10-19,4519.63
2021-10-20,4536.19
2021-10-21,4549.78
2021-10-22,4544.90
2021-10-25,4566.48
2021-10-26,4574.79
2021-10-27,4551.68
2021-10-28,4596.42
2021-10-29,4605.38
2021-11-01,4613.67
2021-11-02,4630.65
2021-11-03,4660.57
2021-11-04,4680.06
2021-11-05,4697.53
2021-11-08,4701.70
2021-11-09,4685.25
2021-11-10,4646.71
2021-11-11,4649.27
2021-11-12,4682.85
2021-11-15,4682.80
2021-11-16,4700.90
2021-11-17,4688.67
2021-11-18,4704.54
2021-11-19,4697.96
2021-11-22,4682.94
2021-11-23,4690.70
2021-11-24,4701.46
2021-11-26,4594.62
2021-11-29,4655.27
2021-11-30,4567.00
2021-12-01,4513.04
2021-12-02,4577.10
2021-12-03,4538.43
2021-12-06,4591.67
2021-12-07,4686.75
2021-12-08,4701.21
2021-12-09,4667.45
2021-12-10,4712.02
2021-12-13,4668.97
2021-12-14,4634.09
2021-12-15,4709.85
2021-12-16,4668.67
2021-12-17,4620.64
2021-12-20,4568.02
2021-12-21,4649.23
2021-12-22,4696.56
2021-12-23,4725.79
2021-12-27,4791.19
2021-12-28,4786.35
2021-12-29,4793.06
2021-12-30,4778.73
2021-12-31,4766.18
2022-01-03,4796.56
2022-01-04,4793.54
2022-01-05,4700.58
2022-01-06,4696.05
2022-01-07,4677.03
2022-01-10,4670.29
2022-01-11,4713.07
2022-01-12,4726.35
2022-01-13,4659.03
2022-01-14,4662.85
2022-01-18,4577.11
2022-01-19,4532.76
2022-01-20,4482.73
2022-01-21,4397.94
2022-01-24,4410.13
2022-01-25,4356.45
2022-01-26,4349.93
2022-01-27,4326.51
2022-01-28,4431.85
2022-01-31,4515.55
2022-02-01,4546.54
2022-02-02,4589.38
2022-02-03,4477.44
2022-02-04,4500.53
2022-02-07,4483.87
2022-02-08,4521.54
2022-02-09,4587.18
2022-02-10,4504.08
2022-02-11,4418.64
2022-02-14,4401.67
2022-02-15,4471.07
2022-02-16,4475.01
2022-02-17,4380.26
2022-02-18,4348.87
2022-02-22,4304.76
2022-02-23,4225.50
2022-02-24,4288.70
2022-02-25,4384.65
2022-02-28,4373.94
2022-03-01,4306.26
2022-03-02,4386.54
2022-03-03,4363.49
2022-03-04,4328.87
2022-03-07,4201.09
2022-03-08,4170.70
2022-03-09,4277.88
2022-03-10,4259.52
2022-03-11,4204.31
2022-03-14,4173.11
2022-03-15,4262.45
2022-03-16,4357.86
2022-03-17,4411.67
2022-03-18,4463.12
2022-03-21,4461.18
2022-03-22,4511.61
2022-03-23,4456.24
2022-03-24,4520.16
2022-03-25,4543.06
2022-03-28,4575.52
2022-03-29,4631.60
2022-03-30,4602.45
2022-03-31,4530.41
2022-04-01,4545.86
2022-04-04,4582.64
2022-04-05,4525.12
2022-04-06,4481.15
2022-04-07,4500.21
2022-04-08,4488.28
2022-04-11,4412.53
2022-04-12,4397.45
2022-04-13,4446.59
2022-04-14,4392.59
2022-04-18,4391.69
2022-04-19,4462.21
2022-04-20,4459.45
2022-04-21,4393.66
2022-04-22,4271.78
2022-04-25,4296.12
2022-04-26,4175.20
2022-04-27,4183.96
2022-04-28,4287.50
2022-04-29,4131.93
2022-05-02,4155.38
2022-05-03,4175.48
2022-05-04,4300.17
2022-05-05,4146.87
2022-05-06,4123.34
2022-05-09,3991.24
2022-05-10,4001.05
2022-05-11,3935.18
2022-05-12,3930.08
2022-05-13,4023.89
2022-05-16,4008.01
2022-05-17,4088.85
2022-05-18,3923.68
2022-05-19,3900.79
2022-05-20,3901.36
2022-05-23,3973.75
2022-05-24,3941.48
2022-05-25,3978.73
2022-05-26,4057.84
2022-05-27,4158.24
2022-05-31,4132.15
2022-06-01,4101.23
2022-06-02,4176.82
2022-06-03,4108.54
2022-06-06,4121.43
2022-06-07,4160.68
2022-06-08,4115.77
2022-06-09,4017.82
2022-06-10,3900.86
2022-06-13,3749.63
2022-06-14,3735.48
2022-06-15,3789.99
2022-06-16,3666.77
2022-06-17,3674.84
2022-06-21,3764.79
2022-06-22,3759.89
2022-06-23,3795.73
2022-06-24,3911.74
2022-06-27,3900.11
2022-06-28,3821.55
2022-06-29,3818.83
2022-06-30,3785.38
2022-07-01,3825.33
2022-07-05,3831.39
2022-07-06,3845.08
2022-07-07,3902.62
2022-07-08,3899.38
2022-07-11,3854.43
2022-07-12,3818.80
2022-07-13,3801.78
2022-07-14,3790.38
2022-07-15,3863.16
2022-07-18,3830.85
2022-07-19,3936.69
2022-07-20,3959.90
2022-07-21,3998.95
2022-07-22,3961.63
2022-07-25,3966.84
2022-07-26,3921.05
2022-07-27,4023.61
2022-07-28,4072.43
2022-07-29,4130.29
2022-08-01,4118.63
2022-08-02,4091.19
2022-08-03,4155.17
2022-08-04,4151.94
2022-08-05,4145.19
2022-08-08,4140.06
2022-08-09,4122.47
2022-08-10,4210.24
2022-08-11,4207.27
2022-08-12,4280.15
2022-08-15,4297.14
2022-08-16,4305.20
2022-08-17,4274.04
2022-08-18,4283.74
2022-08-19,4228.48
2022-08-22,4137.99
2022-08-23,4128.73
2022-08-24,4140.77
2022-08-25,4199.12
2022-08-26,4057.66
2022-08-29,4030.61
2022-08-30,3986.16
2022-08-31,3955.00
2022-09-01,3966.85
2022-09-02,3924.26
2022-09-06,3908.19
2022-09-07,3979.87
2022-09-08,4006.18
2022-09-09,4067.36
2022-09-12,4110.41
2022-09-13,3932.69
2022-09-14,3946.01
2022-09-15,3901.35
2022-09-16,3873.33
2022-09-19,3899.89
2022-09-20,3855.93
2022-09-21,3789.93
2022-09-22,3757.99
2022-09-23,3693.23
2022-09-26,3655.04
2022-09-27,3647.29
2022-09-28,3719.04
2022-09-29,3640.47
2022-09-30,3585.62
2022-10-03,3678.43
2022-10-04,3790.93
2022-10-05,3783.28
2022-10-06,3744.52
2022-10-07,3639.66
2022-10-10,3612.39
2022-10-11,3588.84
2022-10-12,3577.03
2022-10-13,3669.91
2022-10-14,3583.07
2022-10-17,3677.95
2022-10-18,3719.98
2022-10-19,3695.16
2022-10-20,3665.78
2022-10-21,3752.75
2022-10-24,3797.34
2022-10-25,3859.11
2022-10-26,3830.60
2022-10-27,3807.30
2022-10-28,3901.06
2022-10-31,3871.98
2022-11-01,3856.10
2022-11-02,3759.69
2022-11-03,3719.89
2022-11-04,3770.55
2022-11-07,3806.80
2022-11-08,3828.11
2022-11-09,3748.57
2022-11-10,3956.37
2022-11-11,3992.93
2022-11-14,3957.25
2022-11-15,3991.73
2022-11-16,3958.79
2022-11-17,3946.56
2022-11-18,3965.34
2022-11-21,3949.94
2022-11-22,4003.58
2022-11-23,4027.26
2022-11-25,4026.12
2022-11-28,3963.94
2022-11-29,3957.63
2022-11-30,4080.11
2022-12-01,4076.57
2022-12-02,4071.70
2022-12-05,3998.84
2022-12-06,3941.26
2022-12-07,3933.92
2022-12-08,3963.51
2022-12-09,3934.38
2022-12-12,3990.56
2022-12-13,4019.65
2022-12-14,3995.32
2022-12-15,3895.75
2022-12-16,3852.36
2022-12-19,3817.66
2022-12-20,3821.62
2022-12-21,3878.44
2022-12-22,3822.39
2022-12-23,3844.82
2022-12-27,3829.25
2022-12-28,3783.22
2022-12-29,3849.28
2022-12-30,3839.50
2023-01-03,3824.14
2023-01-04,3852.97
2023-01-05,3808.10
2023-01-06,3895.08
2023-01-09,3892.09
2023-01-10,3919.25
2023-01-11,3969.61
2023-01-12,3983.17
2023-01-13,3999.09
2023-01-17,3990.97
2023-01-18,3928.86
2023-01-19,3898.85
2023-01-20,3972.61
2023-01-23,4019.81
2023-01-24,4016.95
2023-01-25,4016.22
2023-01-26,4060.43
2023-01-27,4070.56
2023-01-30,4017.77
2023-01-31,4076.60
2023-02-01,4119.21
2023-02-02,4179.76
2023-02-03,4136.48
2023-02-06,4111.08
2023-02-07,4164.00
2023-02-08,4117.86
2023-02-09,4081.50
2023-02-10,4090.46
2023-02-13,4137.29
2023-02-14,4136.13
2023-02-15,4147.60
2023-02-16,4090.41
2023-02-17,4079.09
2023-02-21,3997.34
2023-02-22,3991.05
2023-02-23,4012.32
2023-02-24,3970.04
2023-02-27,3982.24
2023-02-28,3970.15
2023-03-01,3951.39
2023-03-02,3981.35
2023-03-03,4045.64
2023-03-06,4048.42
2023-03-07,3986.37
2023-03-08,3992.01
2023-03-09,3918.32
2023-03-10,3861.59
2023-03-13,3855.76
2023-03-14,3919.29
2023-03-15,3891.93
2023-03-16,3960.28
2023-03-17,3916.64
2023-03-20,3951.57
2023-03-21,4002.87
2023-03-22,3936.97
2023-03-23,3948.72
2023-03-24,3970.99
2023-03-27,3977.53
2023-03-28,3971.27
2023-03-29,4027.81
2023-03-30,4050.83
2023-03-31,4109.31
2023-04-03,4124.51
2023-04-04,4100.60
2023-04-05,4090.38
2023-04-06,4105.02
2023-04-10,4109.11
2023-04-11,4108.94
2023-04-12,4091.95
2023-04-13,4146.22
2023-04-14,4137.64
2023-04-17,4151.32
2023-04-18,4154.87
2023-04-19,4154.52
2023-04-20,4129.79
2023-04-21,4133.52
2023-04-24,4137.04
2023-04-25,4071.63
2023-04-26,4055.99
2023-04-27,4135.35
2023-04-28,4169.48
2023-05-01,4167.87
2023-05-02,4119.58
2023-05-03,4090.75
2023-05-04,4061.22
2023-05-05,4136.25
2023-05-08,4138.12
2023-05-09,4119.17
2023-05-10,4137.64
2023-05-11,4130.62
2023-05-12,4124.08
2023-05-15,4136.28
2023-05-16,4109.90
2023-05-17,4158.77
2023-05-18,4198.05
2023-05-19,4191.98
2023-05-22,4192.63
2023-05-23,4145.58
2023-05-24,4115.24
2023-05-25,4151.28
2023-05-26,4205.45
2023-05-30,4205.52
2023-05-31,4179.83
2023-06-01,4221.02
2023-06-02,4282.37
2023-06-05,4273.79
2023-06-06,4283.85
2023-06-07,4267.52
2023-06-08,4293.93
2023-06-09,4298.86
2023-06-12,4338.93
2023-06-13,4369.01
2023-06-14,4372.59
2023-06-15,4425.84
2023-06-16,4409.59
2023-06-20,4388.71
2023-06-21,4365.69
2023-06-22,4381.89
2023-06-23,4348.33
2023-06-26,4328.82
2023-06-27,4378.41
2023-06-28,4376.86
2023-06-29,4396.44
2023-06-30,4450.38
2023-07-03,4455.59
2023-07-05,4446.82
2023-07-06,4411.59
2023-07-07,4398.95
2023-07-10,4409.53
2023-07-11,4439.26
2023-07-12,4472.16
2023-07-13,4510.04
2023-07-14,4505.42
2023-07-17,4522.79
2023-07-18,4554.98
2023-07-19,4565.72
2023-07-20,4534.87
2023-07-21,4536.34
2023-07-24,4554.64
2023-07-25,4567.46
2023-07-26,4566.75
2023-07-27,4537.41
2023-07-28,4582.23
2023-07-31,4588.96
2023-08-01,4576.73
2023-08-02,4513.39
2023-08-03,4501.89
2023-08-04,4478.03
2023-08-07,4518.44
2023-08-08,4499.38
2023-08-09,4467.71
2023-08-10,4468.83
2023-08-11,4464.05
2023-08-14,4489.72
2023-08-15,4437.86
2023-08-16,4404.33
2023-08-17,4370.36
2023-08-18,4369.71
2023-08-21,4399.77
2023-08-22,4387.55
2023-08-23,4436.01
2023-08-24,4376.31
2023-08-25,4405.71
2023-08-28,4433.31
2023-08-29,4497.63
2023-08-30,4514.87
2023-08-31,4507.66
2023-09-01,4515.77
2023-09-05,4496.83
2023-09-06,4465.48
2023-09-07,4451.14
2023-09-08,4457.49
2023-09-11,4487.46
2023-09-12,4461.90
2023-09-13,4467.44
2023-09-14,4505.10
2023-09-15,4450.32
2023-09-18,4453.53
2023-09-19,4443.95
2023-09-20,4402.20
2023-09-21,4330.00
2023-09-22,4320.06
2023-09-25,4337.44
2023-09-26,4273.53
2023-09-27,4274.51
2023-09-28,4299.70
2023-09-29,4288.05
2023-10-02,4288.39
2023-10-03,4229.45
2023-10-04,4263.75
2023-10-05,4258.19
2023-10-06,4308.50
2023-10-09,4335.66
2023-10-10,4358.24
2023-10-11,4376.95
2023-10-12,4349.61
2023-10-13,4327.78
2023-10-16,4373.63
2023-10-17,4373.20
2023-10-18,4314.60
2023-10-19,4278.00
2023-10-20,4224.16
2023-10-23,4217.04
2023-10-24,4247.68
2023-10-25,4186.77
2023-10-26,4137.23
2023-10-27,4117.37
2023-10-30,4166.82
2023-10-31,4193.80
2023-11-01,4237.86
2023-11-02,4317.78
2023-11-03,4358.34
2023-11-06,4365.98
2023-11-07,4378.38
2023-11-08,4382.78
2023-11-09,4347.35
2023-11-10,4415.24
2023-11-13,4411.55
2023-11-14,4495.70
2023-11-15,4502.88
2023-11-16,4508.24
2023-11-17,4514.02
2023-11-20,4547.38
2023-11-21,4538.19
2023-11-22,4556.62
2023-11-24,4559.34
2023-11-27,4550.43
2023-11-28,4554.89
2023-11-29,4550.58
2023-11-30,4567.80
2023-12-01,4594.63
2023-12-04,4569.78
2023-12-05,4567.18
2023-12-06,4549.34
2023-12-07,4585.59
2023-12-08,4604.37
2023-12-11,4622.44
2023-12-12,4643.70
2023-12-13,4707.09
2023-12-14,4719.55
2023-12-15,4719.19
2023-12-18,4740.56
2023-12-19,4768.37
2023-12-20,4698.35
2023-12-21,4746.75
2023-12-22,4754.63
2023-12-26,4774.75
2023-12-27,4781.58
2023-12-28,4783.35
2023-12-29,4769.83
2024-01-02,4742.83
2024-01-03,4704.81
2024-01-04,4688.68
2024-01-05,4697.24
2024-01-08,4763.54
2024-01-09,4756.50
2024-01-10,4783.45
2024-01-11,4780.24
2024-01-12,4783.83
2024-01-16,4765.98
2024-01-17,4739.21
2024-01-18,4780.94
2024-01-19,4839.81
2024-01-22,4850.43
2024-01-23,4864.60
2024-01-24,4868.55
2024-01-25,4894.16
2024-01-26,4890.97
2024-01-29,4927.93
2024-01-30,4924.97
2024-01-31,4845.65
2024-02-01,4906.19
2024-02-02,4958.61
2024-02-05,4942.81
2024-02-06,4954.23
2024-02-07,4995.06
2024-02-08,4997.91
2024-02-09,5026.61
2024-02-12,5021.84
2024-02-13,4953.17
2024-02-14,5000.62
2024-02-15,5029.73
2024-02-16,5005.57
2024-02-20,4975.51
2024-02-21,4981.80
2024-02-22,5087.03
2024-02-23,5088.80
2024-02-26,5069.53
2024-02-27,5078.18
2024-02-28,5069.76
2024-02-29,5096.27
2024-03-01,5137.08
2024-03-04,5130.95
2024-03-05,5078.65
2024-03-06,5104.76
2024-03-07,5157.36
2024-03-08,5123.69
2024-03-11,5117.94
2024-03-12,5175.27
2024-03-13,5165.31
2024-03-14,5150.48
2024-03-15,5117.09
2024-03-18,5149.42
2024-03-19,5178.51
2024-03-20,5224.62
2024-03-21,5241.53
2024-03-22,5234.18
2024-03-25,5218.19
2024-03-26,5203.58
2024-03-27,5248.49
2024-03-28,5254.35
2024-04-01,5243.77
2024-04-02,5205.81
2024-04-03,5211.49
2024-04-04,5147.21
2024-04-05,5204.34
2024-04-08,5202.39
2024-04-09,5209.91
2024-04-10,5160.64
2024-04-11,5199.06
2024-04-12,5123.41
2024-04-15,5061.82
2024-04-16,5051.41
2024-04-17,5022.21
2024-04-18,5011.12
2024-04-19,4967.23
2024-04-22,5010.60
2024-04-23,5070.55
2024-04-24,5071.63
2024-04-25,5048.42
2024-04-26,5099.96
2024-04-29,5116.17
2024-04-30,5035.69
2024-05-01,5018.39
2024-05-02,5064.20
2024-05-03,5127.79
2024-05-06,5180.74
2024-05-07,5187.70
2024-05-08,5187.67
2024-05-09,5214.08
2024-05-10,5222.68
2024-05-13,5221.42
2024-05-14,5246.68
2024-05-15,5308.15
2024-05-16,5297.10
2024-05-17,5303.27
2024-05-20,5308.13
2024-05-21,5321.41
2024-05-22,5307.01
2024-05-23,5267.84
2024-05-24,5304.72
2024-05-28,5306.04
2024-05-29,5266.95
2024-05-30,5235.48
2024-05-31,5277.51
2024-06-03,5283.40
2024-06-04,5291.34
2024-06-05,5354.03
2024-06-06,5352.96
2024-06-07,5346.99
2024-06-10,5360.79
2024-06-11,5375.32
2024-06-12,5421.03
2024-06-13,5433.74
2024-06-14,5431.60
2024-06-17,5473.23
2024-06-18,5487.03
2024-06-20,5473.17
2024-06-21,5464.62
2024-06-24,5447.87
2024-06-25,5469.30
2024-06-26,5477.90
2024-06-27,5482.87
2024-06-28,5460.48
2024-07-01,5475.09
2024-07-02,5509.01
2024-07-03,5537.02
2024-07-05,5567.19
2024-07-08,5572.85
2024-07-09,5576.98
2024-07-10,5633.91
2024-07-11,5584.54
2024-07-12,5615.35
2024-07-15,5631.22
2024-07-16,5667.20
2024-07-17,5588.27
2024-07-18,5544.59
2024-07-19,5505.00
2024-07-22,5564.41
2024-07-23,5555.74
2024-07-24,5427.13
2024-07-25,5399.22
2024-07-26,5459.10
2024-07-29,5463.54
2024-07-30,5436.44
2024-07-31,5522.30
2024-08-01,5446.68
2024-08-02,5346.56
2024-08-05,5186.33
2024-08-06,5240.03
2024-08-07,5199.50
2024-08-08,5319.31
2024-08-09,5344.16
2024-08-12,5344.39
2024-08-13,5434.43
2024-08-14,5455.21
2024-08-15,5543.22
2024-08-16,5554.25
2024-08-19,5608.25
2024-08-20,5597.12
2024-08-21,5620.85
2024-08-22,5570.64
2024-08-23,5634.61
2024-08-26,5616.84
2024-08-27,5625.80
2024-08-28,5592.18
2024-08-29,5591.96
2024-08-30,5648.40
2024-09-03,5528.93
2024-09-04,5520.07
2024-09-05,5503.41
2024-09-06,5408.42
2024-09-09,5471.05
2024-09-10,5495.52
2024-09-11,5554.13
2024-09-12,5595.76
2024-09-13,5626.02
2024-09-16,5633.09
2024-09-17,5634.58
2024-09-18,5618.26
2024-09-19,5713.64
2024-09-20,5702.55
2024-09-23,5718.57
2024-09-24,5732.93
2024-09-25,5722.26
2024-09-26,5745.37
2024-09-27,5738.17
2024-09-30,5762.48
2024-10-01,5708.75
2024-10-02,5709.54
2024-10-03,5699.94
2024-10-04,5751.07
2024-10-07,5695.94
2024-10-08,5751.13
2024-10-09,5792.04
2024-10-10,5780.05
2024-10-11,5815.03
2024-10-14,5859.85
2024-10-15,5815.26
2024-10-16,5842.47
2024-10-17,5841.47
2024-10-18,5864.67
2024-10-21,5853.98
2024-10-22,5851.20
2024-10-23,5797.42
2024-10-24,5809.86
2024-10-25,5808.12
2024-10-28,5823.52
2024-10-29,5832.92
2024-10-30,5813.67
2024-10-31,5705.45
2024-11-01,5728.80
2024-11-04,5712.69
2024-11-05,5782.76
2024-11-06,5929.04
2024-11-07,5973.10
2024-11-08,5995.54
2024-11-11,6001.35
2024-11-12,5983.99
2024-11-13,5985.38
2024-11-14,5949.17
2024-11-15,5870.62
2024-11-18,5893.62
2024-11-19,5916.98
2024-11-20,5917.11
2024-11-21,5948.71
2024-11-22,5969.34
2024-11-25,5987.37
2024-11-26,6021.63
2024-11-27,5998.74
2024-11-29,6032.38
2024-12-02,6047.15
2024-12-03,6049.88
2024-12-04,6086.49
2024-12-05,6075.11
2024-12-06,6090.27
2024-12-09,6052.85
2024-12-10,6034.91
2024-12-11,6084.19
2024-12-12,6051.25
2024-12-13,6051.09
2024-12-16,6074.08
2024-12-17,6050.61
2024-12-18,5872.16
2024-12-19,5867.08
2024-12-20,5930.85
2024-12-23,5974.07
2024-12-24,6040.04
2024-12-26,6037.59
2024-12-27,5970.84
2024-12-30,5906.94
2024-12-31,5881.63
2025-01-02,5868.55
2025-01-03,5942.47
2025-01-06,5975.38
2025-01-07,5909.03
2025-01-08,5918.25
2025-01-10,5827.04
2025-01-13,5836.22
2025-01-14,5842.91
2025-01-15,5949.91
2025-01-16,5937.34
2025-01-17,5996.66
2025-01-21,6049.24
2025-01-22,6086.37
2025-01-23,6118.71
2025-01-24,6101.24
2025-01-27,6012.28
2025-01-28,6067.70
2025-01-29,6039.31
2025-01-30,6071.17
2025-01-31,6040.53
2025-02-03,5994.57
2025-02-04,6037.88
2025-02-05,6061.48
2025-02-06,6083.57
2025-02-07,6025.99
2025-02-10,6066.44
2025-02-11,6068.50
2025-02-12,6051.97
2025-02-13,6115.07
2025-02-14,6114.63
2025-02-18,6129.58
2025-02-19,6144.15
2025-02-20,6117.52
2025-02-21,6013.13
2025-02-24,5983.25
2025-02-25,5955.25
2025-02-26,5956.06
2025-02-27,5861.57
2025-02-28,5954.50
2025-03-03,5849.72
2025-03-04,5778.15
2025-03-05,5842.63
2025-03-06,5738.52
2025-03-07,5770.20
